ClientID,SubAccount,BTCAddress,TransactionAmount,DiscountedAmount,NetTransactionValue,TransactionTime
3662360043,,34QDef7mukyZceeVkvHaT1Pjby8uSiPgUb,143.951654176,11.696071901800002,132.2555822742,636464
3662358377,,35nsNsZqtVH7dFM2eqvbHL1D2pFw3t8cbk,1.207162,0.0980819125,1.1090800875,640532
3662358377,,35nsNsZqtVH7dFM2eqvbHL1D2pFw3t8cbk,0.95804766,0.077841372375,0.880206287625,640108
3662358377,,35nsNsZqtVH7dFM2eqvbHL1D2pFw3t8cbk,0.46080665800000004,0.037440540962500005,0.42336611703750004,640108
3662358377,,35nsNsZqtVH7dFM2eqvbHL1D2pFw3t8cbk,1.1930052820000001,0.0969316791625,1.0960736028375,637328
3662358336,,3LdqfAixs54cELEpyjZN5rJmaEyVLgitDN,20.030987776000003,1.6275177568000003,18.403470019200004,636286
3662356512,,322eKu8brBazVGWZjd2uy7uBFJrj1AwrVy,32.9226,2.6749612500000004,30.247638750000004,636125
3662356512,,322eKu8brBazVGWZjd2uy7uBFJrj1AwrVy,39.50712,3.2099535,36.2971665,636115
3662356702,,3QEBSu1HX54Aq6imjRdjQjfT4Me3evvC8n,21.948400000000003,1.7833075000000003,20.165092500000004,635601
3662356843,,3P9bFhSo31KiRZkYuJSWCPmQKFFTT6pYTG,11.348090994000001,0.9220323932625002,10.426058600737502,636008
3662356843,,3P9bFhSo31KiRZkYuJSWCPmQKFFTT6pYTG,1.14241422,0.092821155375,1.049593064625,635970
3686453162,,3PABSRscfDH1e3BPiXHkZbAjgmranUppcQ,72.94572688400001,5.926840309325001,67.01888657467501,638977
3686453162,,3PABSRscfDH1e3BPiXHkZbAjgmranUppcQ,3.3647994620000006,0.27338995628750007,3.0914095057125004,638147
3686452610,,3DNr42Rq6zDgoRWjemFwwzNmsxbAJGV22S,12.177082062,0.9893879175375001,11.1876941444625,639469
3686452487,,35Cx2eFvDCrqKjFk1vGXDnFJQqQDrXPi1C,23.67573908,1.92365380025,21.75208527975,635705
3686453667,,33Tp3vqjKAFvFYnZ6gnHhdEAtn4Sc2yoXV,422.50011548000003,34.32813438275,388.17198109725,637362
3777686175,,3HskCVPo4USJBmntXAjXqDMgRNKHsbVdAu,21.948400000000003,1.7833075000000003,20.165092500000004,635598
3777683107,,36Ec33tCzgKpbJd8S9zGzrQx65Tp3aaR8A,21.948400000000003,1.7833075000000003,20.165092500000004,635600
3785095898,,33ttbwFGtFmBu5AHeCabA2B7MauX5bdNSi,151.164995836,12.282155911675,138.882839924325,639876
3785093091,,3PgWKWcgYa1PxKC2jz4qEQPiYkzg3ZDYh2,59.844946408000006,4.862401895650001,54.98254451235,639773
3785092796,,3AcE6kmYJCRFYrx7hK5jXG21RtpN9cB8nH,0.078136304,0.006348574700000001,0.0717877293,639454
3785092796,,3AcE6kmYJCRFYrx7hK5jXG21RtpN9cB8nH,0.15682131800000002,0.012741732087500002,0.1440795859125,638561
3785091707,,3DoikdjU3WNjEZswEd5ZmQZFyT9fq6hWj2,53.91789073,4.3808286218125,49.537062108187506,636464
3788981979,,3FxS5iciWC1772vztJ7gpDmqYY4gifXpo6,0.06957642800000001,0.005653084775000001,0.06392334322500001,637143
3788984197,,37nXd6Uk1obXuNfxvjViZUgLHFbXNBNaZJ,5.6736614,0.46098498875000005,5.21267641125,640800
3788985723,,3PoXcF9tccubWxuF4sysLC4HEiVdf87waj,25.257011558,2.0521321890875,23.204879368912497,638803
3788985723,,3PoXcF9tccubWxuF4sysLC4HEiVdf87waj,36.198727926000004,2.9411466439875005,33.2575812820125,638764
3788985723,,3PoXcF9tccubWxuF4sysLC4HEiVdf87waj,3.570017002,0.2900638814125,3.2799531205875003,638647
3788985061,,38ssq91JAHGnSdmCdtBR1zrawaKXuxfCQa,14.783783788000001,1.201182432775,13.582601355225002,636444
3790918670,,3FXiARTiqd9Kvdy3SUE4izTi7md35kNFQH,21.3667674,1.73604985125,19.63071754875,638761
3790918670,,3FXiARTiqd9Kvdy3SUE4izTi7md35kNFQH,1.187518182,0.0964858522875,1.0910323297125,638681
3790918183,,3CBNBvocvXCwtJuv9wwzKBiUNskcbT1K8e,4.93839,0.4012441875,4.5371458125,638202
3790918183,,3CBNBvocvXCwtJuv9wwzKBiUNskcbT1K8e,1.4815170000000002,0.12037325625000002,1.3611437437500002,637624
3790918191,,3LbsXQHd16ra2cZZMNLWQqTNrnmSwap3kb,142.6646,11.591498750000001,131.07310125,640295
3790918191,,3LbsXQHd16ra2cZZMNLWQqTNrnmSwap3kb,548.71,44.582687500000006,504.1273125,638113
3790918332,,3E4w3hJJzyXx5PfpFHDg1knWELoT765VFg,1.5090622420000002,0.12261130716250002,1.3864509348375003,640282
3790918332,,3E4w3hJJzyXx5PfpFHDg1knWELoT765VFg,14.2006148,1.1537999525,13.0468148475,638871
3790918332,,3E4w3hJJzyXx5PfpFHDg1knWELoT765VFg,1.346644082,0.1094148316625,1.2372292503375,638706
3790918332,,3E4w3hJJzyXx5PfpFHDg1knWELoT765VFg,1.3242567140000001,0.10759585801250002,1.2166608559875,638530
3790918357,,34YmieYWh2Ldnmwa7saYgntZ7BVikUUhYH,26.437177026,2.1480206333625,24.2891563926375,639142
3790918357,,34YmieYWh2Ldnmwa7saYgntZ7BVikUUhYH,13.77042616,1.1188471255,12.6515790345,638094
3790918357,,34YmieYWh2Ldnmwa7saYgntZ7BVikUUhYH,26.907202012000003,2.186210163475,24.720991848525003,636992
3790918357,,34YmieYWh2Ldnmwa7saYgntZ7BVikUUhYH,14.800793798,1.2025644960875002,13.5982293019125,636057
3790918357,,34YmieYWh2Ldnmwa7saYgntZ7BVikUUhYH,15.502593888,1.2595857534000001,14.2430081346,635933
3790916336,,34KWAW4pEHjDQqAq2zeVrgcDdNrMaWZGKf,90.55624510800001,7.357694915025001,83.198550192975,637516
3790916336,,34KWAW4pEHjDQqAq2zeVrgcDdNrMaWZGKf,178.87946,14.533956125,164.345503875,636182
3790916385,,3DtF1ffj4AANNd2rNzDEjBtpPshypfQe7n,7.111281600000001,0.5777916300000001,6.533489970000001,638896
3790916385,,3DtF1ffj4AANNd2rNzDEjBtpPshypfQe7n,5.0700804,0.4119440325,4.6581363675,637940
3790916385,,3DtF1ffj4AANNd2rNzDEjBtpPshypfQe7n,20.247399,1.6451011687500001,18.602297831250002,637328
3790916385,,3DtF1ffj4AANNd2rNzDEjBtpPshypfQe7n,13.0373496,1.0592846550000001,11.978064945,636324
3790916500,,33Q1uvbYJEaeWJLx5qAhNLTRqE7A7YPA86,5.717997168,0.46458726990000004,5.2534098981,637275
3790916500,,33Q1uvbYJEaeWJLx5qAhNLTRqE7A7YPA86,5.982365646000001,0.4860672087375001,5.4962984372625,637161
3790916500,,33Q1uvbYJEaeWJLx5qAhNLTRqE7A7YPA86,6.011227792000001,0.48841225810000005,5.5228155339,637066
3790916674,,39LCFAbmg6t8y7mGvLf4VVY8tqB5CocJmY,22.483831218000002,1.8268112864625003,20.6570199315375,640362
3790916682,,3KXPYvLGFKJKSTd4nzoEMhD8KU8uGH5YKV,118.74227064600002,9.647809489987502,109.09446115601253,639146
3790916716,,33dVBZ5oruVzWUZajsdAqDEaDXpVYc2BGc,12.43321989,1.0101991160625001,11.4230207739375,638596
3790916724,199900030,3FwemmdRMY5KnyC6Z5gysyfiYQuguk7Zup,17.818808540000003,1.4477781938750003,16.371030346125004,637248
3790915866,199900061,3JEHaGomT2GKMKhTbA5KduviUKC8rzTqWy,37.181796762000005,3.0210209869125006,34.1607757750875,638333
3793007877,,3PgaAeYtqZKftUt9pRLZj1LyJV4GAbK5wD,11.844673544,0.9623797254500001,10.88229381855,638280
3793007877,,3PgaAeYtqZKftUt9pRLZj1LyJV4GAbK5wD,53.305420628,4.331065426025,48.974355201975,638129
3793007877,,3PgaAeYtqZKftUt9pRLZj1LyJV4GAbK5wD,30.766718410000003,2.4997958708125,28.266922539187505,635931
3793007968,,3AakuwdDER5FStSUpnbJF2usdfesdTAxU8,35.894523102,2.9164300020375,32.9780930999625,639932
3793008107,199900003,34n8Z8BLqy7w7uUa6cQSSRxai2m3F21oCR,95.06751924400001,7.724235938575001,87.343283305425,638366
3793008107,199900003,34n8Z8BLqy7w7uUa6cQSSRxai2m3F21oCR,237.22006307200002,19.274130124600003,217.94593294740002,637351
3793005988,199900098,3GxVHVC8ZyJfMVb1kJZrf8yK1HjUTYXeBa,6.653328234000001,0.5405829190125001,6.1127453149875,637689
3793008503,,3HnM4R3ncSxnWKBsSUsWWE8RzwgUMbvvYC,14.26646,1.159149875,13.107310125,639616
3793008651,,3EeYrB2Fe8fajwKTfM69YxejSrUts4DJw8,14.837337884000002,1.2055337030750002,13.631804180925002,638118
3793008669,,3HZp1EZPUa1X95QeHK5cabEjEdEkb8yPBK,3.84097,0.3120788125,3.5288911875,638780
3793009204,,3KYEkAtoixud2akicFgAo5XwSRK4pqvzU3,5.123853980000001,0.4163131358750001,4.707540844125001,639346
3793009204,,3KYEkAtoixud2akicFgAo5XwSRK4pqvzU3,5.618900142000001,0.4565356365375001,5.162364505462501,639174
3793009204,,3KYEkAtoixud2akicFgAo5XwSRK4pqvzU3,5.891170044000001,0.4786575660750001,5.4125124779250005,639088
3793010137,199900122,38fREMtkNu5iRaTdJJjxwXPqgtud2odfFx,94.956240856,7.7151945695499995,87.24104628645,637302
3793010228,,3GncBbgkFu7Wq6S7KnAUZpNfFyXX7cHauf,96.001643148,7.800133505775,88.201509642225,637181
3795806920,,3CpjbQdp2VZatK1kZWBrNWXR5CDQ3V7JFR,48.152155792,3.9123626581,44.2397931339,639572
3795806920,,3CpjbQdp2VZatK1kZWBrNWXR5CDQ3V7JFR,11.865414782,0.9640649510375,10.9013498309625,638913
3795806920,,3CpjbQdp2VZatK1kZWBrNWXR5CDQ3V7JFR,14.575273988000001,1.1842410115250002,13.391032976475001,637827
3795804313,,36SsFVXbNof5ef3B1Dk8YVVJfn1wEic4zH,19.16369675,1.5570503609375,17.6066463890625,639569
3795804313,,36SsFVXbNof5ef3B1Dk8YVVJfn1wEic4zH,20.631825226,1.6763357996125001,18.9554894263875,639495
3795804313,,36SsFVXbNof5ef3B1Dk8YVVJfn1wEic4zH,18.711888936,1.5203409760500002,17.19154795995,638854
3795804313,,36SsFVXbNof5ef3B1Dk8YVVJfn1wEic4zH,24.143240000000002,1.9616382500000002,22.181601750000002,638545
3795804313,,36SsFVXbNof5ef3B1Dk8YVVJfn1wEic4zH,26.157664152,2.12531021235,24.032353939649997,638216
3795804313,,36SsFVXbNof5ef3B1Dk8YVVJfn1wEic4zH,22.416669114,1.8213543655125002,20.5953147484875,638169
3795803513,,36vznAGkdhjbDmjsk6kYy4Qd2MWvAmzBrx,1.388455784,0.11281203245,1.27564375155,636607
3795803521,,37ATfQAQAbTFDHk4tNcPxHF5UAuqCafrc5,1.389662946,0.11291011436250001,1.2767528316375,636607
3795803570,,34LoSxgDzt5oAsyjdHC1BMBm4piT2TUATJ,1.3905408820000003,0.11298144666250003,1.2775594353375002,636607
3795803588,,383sVAE1TkyxfRNFcMaf8FUukY64hhEA1D,1.3901019140000002,0.11294578051250001,1.2771561334875001,636607
3795803596,,3M973oPtoTWS1JFt7N4UjZusk4PvXU8WJd,1.38988243,0.1129279474375,1.2769544825624999,636607
3795803604,,3QQTkJVbg8zVV48Y1F4uMdodTZHcwty4g5,1.38988243,0.1129279474375,1.2769544825624999,636607
3795803612,,3PX7GkoFPF4m8W7ML5TRbKdPErZp58agv2,1.366726868,0.111046558025,1.255680309975,637624
3795803620,,3HSNAt7N3G9K8goN3v6aGXN6auotbibgck,1.366726868,0.111046558025,1.255680309975,637624
3795803620,,3HSNAt7N3G9K8goN3v6aGXN6auotbibgck,1.366726868,0.111046558025,1.255680309975,637624
3795803638,,36983CcbF1jtq2aiYU1Mu68nd2oo8zY6bh,1.3670560940000003,0.11107330763750002,1.2559827863625002,637624
3795803646,,3BnYN5KoeacpG4HBYxvuuFQ1aobes8FSca,1.3670560940000003,0.11107330763750002,1.2559827863625002,637624
3795803653,,3KudYFVDdZGFxAuuP3YqcodTQXM6gJVXCZ,1.3670560940000003,0.11107330763750002,1.2559827863625002,637624
3795803661,,3KpK8NbpCYpn1VWretw29tVfifQQmEPhrb,1.3670560940000003,0.11107330763750002,1.2559827863625002,637624
3817268786,,3Ae1nz3dUQrAXSQNDMHuqRuXjCSMHp5jMi,3.491880698,0.2837153067125,3.2081653912875003,636575
3817267465,,31m1QRUkvv8JRKzE5ByoUxM728FRixa8Ea,12.598710826000001,1.0236452546125,11.575065571387501,638926
3817267564,,3NU9X5kNRBcyhnTi3EY15SvvkTQk27KT5j,15.693215742000001,1.2750737790375002,14.418141962962501,639176
3817267572,,3GXBbvNnh9u8zjsV99G97qUHWUFvFXgMx5,15.044311296000002,1.2223502928000003,13.821961003200002,639112
3817267671,,3CrRt61HYJXvE9iyJJhELuuuXUL3yMFQfj,23.880407910000002,1.9402831426875002,21.9401247673125,639219
3817267887,,3HBMyuNwcVoYo9rHABtF3BJrTnEH75sCsC,4.127835588000001,0.3353866415250001,3.792448946475001,639981
3817267911,199900141,36NjP2Q8TpqzorRXcEHEFVWEakmbBpcAWQ,24.052044398000003,1.9542286073375004,22.0978157906625,639574
3817267911,199900141,36NjP2Q8TpqzorRXcEHEFVWEakmbBpcAWQ,98.952276302,8.0398724495375,90.9124038524625,639515
3817267911,199900141,36NjP2Q8TpqzorRXcEHEFVWEakmbBpcAWQ,42.99570843800001,3.4934013105875006,39.50230712741251,636190
3817267929,199900141,33MtqY7igDGMuCuUEBPQkbob8nRqfA1Zsp,1.37012887,0.11132297068750001,1.2588058993125,640463
3817268489,,3C5Y81XMEPUsQLF3iNd3t6QAzQBRRTpSqd,3.3213416300000005,0.2698590074375001,3.0514826225625002,635729
3817268497,,3G6b9ZUToTa1uymRL2Bv441rptkCwSgfk2,5.7443352480000005,0.46672723890000006,5.277608009100001,639787
3821363300,,3GXV29Z4pmecDNymaqkZPGnWztPW3Q9dbQ,1.1904812160000002,0.09672659880000002,1.0937546172000001,638784
3821363300,,3GXV29Z4pmecDNymaqkZPGnWztPW3Q9dbQ,85.923267094,6.9812654513875,78.9420016426125,638706
3821363300,,3GXV29Z4pmecDNymaqkZPGnWztPW3Q9dbQ,241.21917129400003,19.599057667637503,221.62011362636252,638004
3821363300,,3GXV29Z4pmecDNymaqkZPGnWztPW3Q9dbQ,87.67760270600002,7.1238052198625015,80.55379748613751,635855
3821363391,199900003,3GxLU8HgWVaGhnxgLXW4grvP8JDDkTRxxz,61.814156856000004,5.022400244550001,56.791756611450005,639130
3821363391,199900003,3GxLU8HgWVaGhnxgLXW4grvP8JDDkTRxxz,3.0073697680000007,0.24434879365000006,2.7630209743500007,637956
3821363433,,37hz78kh745ZPRu2yqrNNetoTudMdCMcyq,3.535448272,0.2872551721,3.2481930999,639092
3821363458,,3KJ9LAJa96mudYvwjo8T5p1T4ney5MQwY9,3.72519219,0.3026718654375,3.4225203245625,639473
3821363466,,37DrUM2g4wXppsx4jyviLLDP25Pi6WMdZw,3.535448272,0.2872551721,3.2481930999,639092
3821364704,,3JbA2PaKGcMi2pjTWSbhLuN6Sax9F1eiCa,2.592764492,0.210662114975,2.3821023770250003,639092
3821364712,,3HF5XEVVVLK7UsGDspNwwQ4oZFdygLazSv,3.535448272,0.2872551721,3.2481930999,639092
3821364738,,37TtdXveKvUjFochBe5fApjZwTxpgdwcEc,3.535448272,0.2872551721,3.2481930999,639092
3821362732,,37T5pidrip3J7Ui3tE44bcfZaRi3t4vkxq,2.3348707920000003,0.18970825185000004,2.1451625401500003,638373
3821361593,,3HSFbP3UBqGsvJSsq2P6v1CyTTqasiABp6,0.591180154,0.048033387512500005,0.5431467664875,639105
3821361593,,3HSFbP3UBqGsvJSsq2P6v1CyTTqasiABp6,3.6912819120000004,0.29991665535000006,3.3913652566500003,638759
3821361601,,3E8iEi4CWzfV7UHtk4SAmFtQfjtj32tR9B,0.591180154,0.048033387512500005,0.5431467664875,639105
3821361601,,3E8iEi4CWzfV7UHtk4SAmFtQfjtj32tR9B,3.6912819120000004,0.29991665535000006,3.3913652566500003,638759
3821361627,,3A943KBUwQLNUZ4oiwR22uhnuJvhCbix8v,3.6912819120000004,0.29991665535000006,3.3913652566500003,638759
3821364274,199900199,3DJGgGTySanAydpvHNzEKCy9NKKwaPY1bR,0.591180154,0.048033387512500005,0.5431467664875,639105
3821364274,199900199,3DJGgGTySanAydpvHNzEKCy9NKKwaPY1bR,3.6912819120000004,0.29991665535000006,3.3913652566500003,638759
3821364282,199900199,31mn56t3W27V4TfQEaZZX5k39V13x662J1,0.591180154,0.048033387512500005,0.5431467664875,639105
3821364282,199900199,31mn56t3W27V4TfQEaZZX5k39V13x662J1,1.178519338,0.0957546962125,1.0827646417875,639092
3821364282,199900199,31mn56t3W27V4TfQEaZZX5k39V13x662J1,3.6912819120000004,0.29991665535000006,3.3913652566500003,638759
3821364290,199900199,3628rdijPqHjGum3uPKo75fXbbBcH9XrbS,0.591180154,0.048033387512500005,0.5431467664875,639105
3821364290,199900199,3628rdijPqHjGum3uPKo75fXbbBcH9XrbS,1.178519338,0.0957546962125,1.0827646417875,639092
3821364290,199900199,3628rdijPqHjGum3uPKo75fXbbBcH9XrbS,3.6912819120000004,0.29991665535000006,3.3913652566500003,638759
3821364308,199900199,3KQCGkG13fg9iNeD4PoTxjRmQB4V7vk7YF,0.591180154,0.048033387512500005,0.5431467664875,639105
3821364308,199900199,3KQCGkG13fg9iNeD4PoTxjRmQB4V7vk7YF,1.178519338,0.0957546962125,1.0827646417875,639092
3821364308,199900199,3KQCGkG13fg9iNeD4PoTxjRmQB4V7vk7YF,3.6912819120000004,0.29991665535000006,3.3913652566500003,638759
3821364316,199900199,3CPrKAWcrqRa53XjupoTBr4fPAzqRJNR2F,0.591180154,0.048033387512500005,0.5431467664875,639105
3821364316,199900199,3CPrKAWcrqRa53XjupoTBr4fPAzqRJNR2F,1.178519338,0.0957546962125,1.0827646417875,639092
3821364316,199900199,3CPrKAWcrqRa53XjupoTBr4fPAzqRJNR2F,3.6912819120000004,0.29991665535000006,3.3913652566500003,638759
3821364340,,3MYsm5AWKKRV4YVk4J9TopHRC7ZEmrqMdt,34.40082474,2.795067010125,31.605757729875,639699
3821364340,,3MYsm5AWKKRV4YVk4J9TopHRC7ZEmrqMdt,7.602486792,0.61770205185,6.984784740149999,638629
3821364365,,3Mv5AAy6eUABYYjxkLrTDYjtUByAuRSzCz,6.643890422000001,0.5398160967875001,6.104074325212501,636602
3821362369,,3N82KndfZ7oDYrUTq6X3ZvmFivzBmvH5sq,3.6912819120000004,0.29991665535000006,3.3913652566500003,638759
3821362385,,35k9WYxP358RutKZMUSfMLoZ64tm4JuXgr,3.535448272,0.2872551721,3.2481930999,639092
3821362393,,3EVEpQGSovK5sJ7NHctDVa5XY7V1ws6dVZ,3.6912819120000004,0.29991665535000006,3.3913652566500003,638759
3821362401,,3FrbmKmKTqLP6uMeWo6vvfGKTvzAbDhmTd,7.44379986,0.6048087386250001,6.838991121375001,639473
3821362419,,3QHunRb5nmoFfJt7GTVGAUHu51pj6GeXiv,3.6912819120000004,0.29991665535000006,3.3913652566500003,638759
3821362427,,3EDe2riEKa2oYYjGGtro2zvNXMxxUJekco,3.6912819120000004,0.29991665535000006,3.3913652566500003,638759
3821362500,,3GMHaAxaz8n2GXPwQJUSEZMr3QpXN9d3XP,3.535448272,0.2872551721,3.2481930999,639092
3821362518,,3FXGFPPdWsYkGgBW2cmPA58GPwUS5P4mgt,3.535448272,0.2872551721,3.2481930999,639092
3821362534,,3LjHDU54mpPBHHYaaDQNXoJyxg7yPtFAVL,3.6912819120000004,0.29991665535000006,3.3913652566500003,638759
3821362542,,3JU3QR78rWqka9zBiDjcpP9NDQE1nBcxDH,3.6912819120000004,0.29991665535000006,3.3913652566500003,638759
3821362559,,35q1prTMMUfDNbg9MhLZcWNdBe6L8M5peS,3.535448272,0.2872551721,3.2481930999,639092
3821362575,,3PthjSoCQaedGmn9vvmx8CZqzxZ7cnCdpK,3.6912819120000004,0.29991665535000006,3.3913652566500003,638759
3821362591,,3NmXJs5117m9Zh6QVfhNxySnVFefdgy4AG,3.535448272,0.2872551721,3.2481930999,639092
3821362609,,3KgJUd43RuxDY2PzfVjkTsuUAZKg8M5Bxd,3.535448272,0.2872551721,3.2481930999,639092
3821362625,,3DCRZLRzJHGXGmtAWjUC5aNpwoiMvCrJzZ,3.535448272,0.2872551721,3.2481930999,639092
3821362666,,3JGxbYVok7U45JBfZ1Xp3j6G3ACNpzn15c,3.670101706,0.2981957636125,3.3719059423875,638738
3821362708,,3DrcLNYipikm86vLTzbkaDM7rpQL5RmYkS,3.535448272,0.2872551721,3.2481930999,639092
3821363862,,339BKCaXhbhYhm39PZ9NVSeipaefHmqmdw,3.6912819120000004,0.29991665535000006,3.3913652566500003,638759
3821363870,,3JH6aN7oNRi96gzzNV7FTxPLXiHdqV4zvV,3.535448272,0.2872551721,3.2481930999,639092
3821363904,,37fTxdw27dZBJiNNbxBdFRfqAGi6kd7YXu,3.670101706,0.2981957636125,3.3719059423875,638738
3821363912,,395rTsio7tGL6vTjzXmSncb4RXE6rnh27x,3.6912819120000004,0.29991665535000006,3.3913652566500003,638759
3821363920,,35ifGNHpbGxrqjBAXtz6i5fWShVgdvkViL,3.6912819120000004,0.29991665535000006,3.3913652566500003,638759
3821363938,,3GBDtDmpHcV5epmWVtnM91ZdTbrfXnLyxs,3.6912819120000004,0.29991665535000006,3.3913652566500003,638759
3821363961,,3B8pdsoZs8CzjtBo38p4MusYtYNHCVV1mK,3.6912819120000004,0.29991665535000006,3.3913652566500003,638759
3821363979,,3GNtY9vpBTiXCCrVBycK4HMxqmBT1tWvuo,3.535448272,0.2872551721,3.2481930999,639092
3821364027,199900136,3DS2SQtYJNhkRAKZZNU3gxpoDaeWi9d6KY,95.30269635,7.7433440784375005,87.5593522715625,639224
3821364027,199900136,3DS2SQtYJNhkRAKZZNU3gxpoDaeWi9d6KY,106.02284362000002,8.614356044125001,97.40848757587501,638298
3821364027,199900136,3DS2SQtYJNhkRAKZZNU3gxpoDaeWi9d6KY,60.43821166,4.910604697375001,55.527606962625,637549
3821364027,199900136,3DS2SQtYJNhkRAKZZNU3gxpoDaeWi9d6KY,59.97224712800001,4.87274507915,55.099502048850006,637087
3821364027,199900136,3DS2SQtYJNhkRAKZZNU3gxpoDaeWi9d6KY,47.267086562,3.8404507831625003,43.4266357788375,636201
3821364027,199900136,3DS2SQtYJNhkRAKZZNU3gxpoDaeWi9d6KY,411.933277784,33.46957881995,378.46369896404997,636178
3821360173,,3GBLrF4sc5NXAhYzPyVn8ibuUGHhS2ZXxd,3.535448272,0.2872551721,3.2481930999,639092
3821361825,,3CZsGpmMv7tffiCiUemrSUZdyNFpzTfa6i,3.535448272,0.2872551721,3.2481930999,639092
3824115988,199900193,3PXpZSCib5j6htuzsHHMwEoewfddNb9Fwg,17.690849368,1.43738151115,16.253467856849998,639087
3824115988,199900193,3PXpZSCib5j6htuzsHHMwEoewfddNb9Fwg,12.026296554000002,0.9771365950125002,11.049159958987502,637760
3824116135,199900222,3BY9k9UPv2ujHKMPsRyA87y4PAHW5U1cYh,2.4024718640000002,0.19520083895000004,2.2072710250500003,636916
3824116234,199900136,3CjnzCVtCLWCdCksnsnFeYRAVbuUCzhew4,1.1893837960000002,0.09663743342500002,1.0927463625750002,639255
3824113736,,36RZV1TzJ4LmdERHym1iWC1SUgHHvZcinB,0.48286480000000004,0.039232765,0.44363203500000004,638276
3824113744,,36eHoJTqaNiVPSnkMiYQrKaTujwwMoquu5,2.9109065500000004,0.23651115718750004,2.6743953928125004,638765
3824113751,199900010,38LrUqBtXK9Q31RgdoboAiokaNiCYxnmjq,40.390982068,3.281767293025,37.109214774975,637557
3824114148,,3EYuUTuYqWj8o6wB7Dsf2JAvn8b5r6wUcj,3.535448272,0.2872551721,3.2481930999,639092
3824114973,,32apH9ND9vtjHqECEBo8eA1BYKrZQSmG6U,11.737565352,0.9536771848500001,10.78388816715,640351
3824114973,,32apH9ND9vtjHqECEBo8eA1BYKrZQSmG6U,118.64306387800002,9.639748940087502,109.00331493791252,639376
3824114973,,32apH9ND9vtjHqECEBo8eA1BYKrZQSmG6U,3.4770655280000002,0.28251157415000006,3.1945539538500003,638226
3824114973,,32apH9ND9vtjHqECEBo8eA1BYKrZQSmG6U,121.450264238,9.8678339693375,111.5824302686625,637810
3824114973,,32apH9ND9vtjHqECEBo8eA1BYKrZQSmG6U,72.368703448,5.8799571551500005,66.48874629285001,637760
3824114973,,32apH9ND9vtjHqECEBo8eA1BYKrZQSmG6U,119.83705683800001,9.7367608680875,110.10029596991251,636591
3824114973,,32apH9ND9vtjHqECEBo8eA1BYKrZQSmG6U,239.550434442,19.4634727984125,220.0869616435875,636512
3824115129,199900230,34ktNUg9EQoLvk9dfFMAiUFPCh57GNFFKo,0.636393858,0.051707000962500006,0.5846868570375,635593
3824115145,199900230,32J8AmqW2Dm79b37LbqhBcwpPvDPqsR5Pd,47.91335720000001,3.8929602725000008,44.02039692750001,639443
3824115145,199900230,32J8AmqW2Dm79b37LbqhBcwpPvDPqsR5Pd,36.1819374,2.93978241375,33.24215498625,636793
3824115145,199900230,32J8AmqW2Dm79b37LbqhBcwpPvDPqsR5Pd,120.8478904,9.818891095,111.028999305,636580
3824115194,,39ik3y11hABDAXBfGtFJrSthSozqKycWyj,11.089648584,0.9010339474500001,10.188614636550001,636601
3824115210,,39rpu2zsWNaR3FKCU44biS9DmXBQFqALLE,6.915062904,0.56184886095,6.35321404305,640141
3824114361,199900003,33ACJYewfNbvAYXQmFoAqvmNUM6gRT16Z2,81.812661,6.647278706250001,75.16538229375,639587
3824114361,199900003,33ACJYewfNbvAYXQmFoAqvmNUM6gRT16Z2,109.76833808,8.918677469,100.849660611,639467
3824114361,199900003,33ACJYewfNbvAYXQmFoAqvmNUM6gRT16Z2,128.123785,10.41005753125,117.71372746875,639353
3824114361,199900003,33ACJYewfNbvAYXQmFoAqvmNUM6gRT16Z2,81.00057020000001,6.5812963287500015,74.41927387125001,639311
3824114361,199900003,33ACJYewfNbvAYXQmFoAqvmNUM6gRT16Z2,80.753211732,6.561198453225,74.192013278775,639158
3824114361,199900003,33ACJYewfNbvAYXQmFoAqvmNUM6gRT16Z2,173.61184400000002,14.105962325000002,159.505881675,639014
3824114361,199900003,33ACJYewfNbvAYXQmFoAqvmNUM6gRT16Z2,148.91989400000003,12.099741387500003,136.8201526125,637942
3824114361,199900003,33ACJYewfNbvAYXQmFoAqvmNUM6gRT16Z2,127.92405456000002,10.393829433000002,117.53022512700001,636233
3824114387,199900222,33Ema1ad1xxz828hXjSaSCjmfipUfhJZhN,32.535978934,2.6435482883875,29.8924306456125,636287
3824114445,,3CMrRnMV1BZJqeSH8GxdZ67TEhncTeNhu6,0.301022306,0.0244580623625,0.27656424363750004,636383
3824114510,,3BpsPU6unRfwFQFb3i7o3ybfEg5jVMxShU,0.30124179,0.024475895437500002,0.2767658945625,636383
3824114528,,3NRvtmJuqUZY5WAxYw5tiR8chpYusKDTP1,0.349308786,0.0283813388625,0.3209274471375,636388
3824114536,,3PrY7X3KRA6Excn1f37GfaeP1FCsM5tuh1,0.30124179,0.024475895437500002,0.2767658945625,636383
3824114544,,3EV3hWBkmKvjo55kuGLgyyBbZx8Rap8uAB,0.349967238,0.0284348380875,0.3215323999125,636388
3824114585,,32kh19eTZaceYJEXjuQMHLL37VrdjpS3sB,0.30135153200000003,0.024484811975000003,0.276866720025,636383
3824111607,199900007,35WNkkMVy154579Bwumo9uEVdjZ9t5RQm1,6.223798046000001,0.5056835912375001,5.7181144547625005,641095
3824111748,,3DT9wSxQEMF83QKTDJbkLe5weV77KX2vpm,42.2287216,3.4310836300000003,38.79763797,637600
3824111763,199900222,3MxLQmNXqTPgExaMsFXhdZihUyMiLMToED,17.311690758,1.4065748740875001,15.9051158839125,637643
3824111763,199900222,3MxLQmNXqTPgExaMsFXhdZihUyMiLMToED,43.642198560000004,3.5459286330000004,40.096269927,637589
3824111763,199900222,3MxLQmNXqTPgExaMsFXhdZihUyMiLMToED,4.752487052,0.386139572975,4.366347479025,637456
3824111763,199900222,3MxLQmNXqTPgExaMsFXhdZihUyMiLMToED,25.275996924,2.0536747500750003,23.222322173925,637078
3824111763,199900222,3MxLQmNXqTPgExaMsFXhdZihUyMiLMToED,30.001377702000003,2.4376119382875,27.563765763712503,636772
3824111763,199900222,3MxLQmNXqTPgExaMsFXhdZihUyMiLMToED,13.22884939,1.0748440129375,12.1540053770625,636603
3824111763,199900222,3MxLQmNXqTPgExaMsFXhdZihUyMiLMToED,13.75780583,1.1178217236875,12.6399841063125,636534
3824111763,199900222,3MxLQmNXqTPgExaMsFXhdZihUyMiLMToED,7.150569236000001,0.5809837504250001,6.569585485575001,636484
3824112548,,39M3wP93DS6ksoEKAybSh76WnWx1KDxHLs,10.974200000000002,0.8916537500000001,10.082546250000002,635935
3824112589,199900246,3LFC9jhdsoisgbqy6XWiYBoDVe22F25jPN,71.724188682,5.827590330412501,65.8965983515875,640532
3824112589,199900246,3LFC9jhdsoisgbqy6XWiYBoDVe22F25jPN,70.44152418600001,5.723373840112501,64.71815034588751,638061
3827309828,,3Dw1xC5kFXRwkvtfafCJHq27jcCsRtVuUg,36.587982800000006,2.9727736025000007,33.61520919750001,640709
3827309828,,3Dw1xC5kFXRwkvtfafCJHq27jcCsRtVuUg,38.6401582,3.1395128537500003,35.50064534625,637510
3827309844,199900248,3Ht5pU7MdSRSBkdUeepcFjTtc5ZACdGeN2,4.38968,0.3566615,4.0330185,640303
3827309984,,3EWHXg8gbAmsygq4yjfgWFTAUR8iSthooz,2.7844837660000006,0.22623930598750006,2.5582444600125007,637043
3827309992,199900256,3JUf5RN4hGfe2uQ5pKTwPHo42dvWxGuqXd,3.17593348,0.25804459525,2.91788888475,638953
3827313945,199900215,324dsSDM5vN2yAU4so3AhXmyj4vwpDHPDQ,2.689886162,0.2185532506625,2.4713329113375,637655
3827313952,,3KcWpmEnLgKfy7KLMu2Xde4XUY6LHWdCx9,3.566615,0.28978746875,3.27682753125,639455
3827313952,,3KcWpmEnLgKfy7KLMu2Xde4XUY6LHWdCx9,3.557945382,0.2890830622875,3.2688623197125004,639283
3827314125,199900256,3LMxkyXsZ5wrxJuHGVFJwTMXqFSsYHgqvP,3.035792946,0.2466581768625,2.7891347691375,638953
3827314380,199900251,33B8pRWSD41ob6L1UAnqVUNXrLbj4w1z8R,36.132992468000005,2.9358056380250006,33.197186829975,636819
3827313416,,32vPKHaZsTxx9fv5C3W9RCeho1XJP2yLSx,3.175823738,0.2580356787125,2.9177880592875,638951
3827313424,,3QWHxqcxcJ8omSMDArSHZRaDeDDy8v8UhR,3.1756042540000005,0.2580178456375,2.9175864083625003,638951
3827313432,,3JGgvBNqqF11H13ZWdwC2yaRpwBkmQ2PsX,2.7920559640000002,0.22685454707500002,2.5652014169250004,638719
3827313440,,37ibqPKecQ7zDF6DC1TH2gE6X76aqeVCMi,3.176043222,0.2580535117875,2.9179897102125,638951
3827313457,,3Np31RV3yS91KXwkLuFUAYQJFto7hCsRaR,3.17593348,0.25804459525,2.91788888475,638951
3827313465,,32NPcCWGBrzfqaw8mh9uwifr4F1utK9ZhD,3.035792946,0.2466581768625,2.7891347691375,638951
3827313473,,3JW4T3QT4h1kJ9UfCp5m2iDqzprrpazdyd,3.176152964,0.258062428325,2.9180905356749998,638951
3827313481,,3L37a14Z8HJNt1oZVzcrdfKMtcuVh23jDD,3.0377683020000004,0.24681867453750003,2.7909496274625005,638955
3827313499,,3AdXy6v6bxGeorWsFcNKAfDbtmwHAxQXFE,3.0377683020000004,0.24681867453750003,2.7909496274625005,638955
3827313507,,3FG8noyJa3RgNmm9y7KBUFffbNso99sSKm,2.7920559640000002,0.22685454707500002,2.5652014169250004,638719
3827313515,,36wuUZgfwdFSQU2k42RStDG4Tjq3JPxNfQ,3.4320713080000003,0.278855793775,3.1532155142250002,637647
3827313523,,3MW2BbPHyMBMLjtBpBx1Hzc8DWc2FuQMAr,3.035792946,0.2466581768625,2.7891347691375,638951
3827313531,,3NW2eJq8TxebrtZPM7aS8wnCQqJX5ecYWp,2.79348261,0.2269704620625,2.5665121479375,638719
3827313549,,3HtwpWhhNZ4gqsQgJEs2SbWaqsSvqWPr4m,2.793043642,0.22693479591250001,2.5661088460875003,638719
3827313556,,3B3HL5T7qa4zhpnPSCxxUrJS4p7xj8j9My,3.0375488180000003,0.24680084146250003,2.7907479765375003,638955
3827313564,,35UWnWEd6iW1fgomUmU2TfBNtiupw2mPkV,2.791178028,0.22678321477500002,2.564394813225,638719
3827313572,,3LdNA3W1QiMqC8bcRnHiZGXK162Js79yiB,3.0377683020000004,0.24681867453750003,2.7909496274625005,638955
3827313580,,3MfRHN9MPi7siJFd421SQdZT4guoFjdUXY,2.791616996,0.22681888092500002,2.564798115075,638720
3827313598,,3QpedULBQuqJu5eoHS7Fposq5buoU3ihAJ,2.79128777,0.2267921313125,2.5644956386874997,638720
3827313606,,33gUVhEsyfCB6sFadYQ9V8XbYWx6UgJZHa,2.7913975120000005,0.22680104785000005,2.5645964641500005,638720
3827313614,,3Er5n36piVs1qwb7r4WRGQ3mVVPdcpZNHp,3.025477198,0.2458200223375,2.7796571756625,639023
3827313622,,32o2whwoFBsvgwEbyhfJXDWZRbpvocA1MD,2.963472968,0.24078217865,2.72269078935,637794
3827313630,,365xMKmBx7oUM6WpCiA69cMJahZ4PbzETN,2.912662422,0.2366538217875,2.6760086002125,638765
3827313648,,3Diox1mbt6xYwTWDpFnzf6cyPopKutVAyK,2.9123331960000005,0.23662707217500004,2.6757061238250004,638765
3827313655,,3PUuzn8rXpnv2JRdsteiNkBkpLLizBGMdz,2.963472968,0.24078217865,2.72269078935,637794
3827313663,,32f16uD2Vr6iNs2K9rNqr1tEVhGqAWjkTw,2.912662422,0.2366538217875,2.6760086002125,638765
3827313671,,374aqqt1HWxvKYYF3vXJrWmj4Yng3KWb5p,2.913540358,0.23672515408750003,2.6768152039125,638760
3827313697,,3JBVb2nnikNop69trfxhyJw2t7idBpvB5X,2.9129916479999998,0.23668057139999998,2.6763110766,638760
3827313705,,3D4H8Bj88KbiNqmQPBs9sYsKAuxe2azHAT,2.9129916479999998,0.23668057139999998,2.6763110766,638760
3827313713,,3MbyAGrfgmSZzDkRYQnS6P9Wg3zkjhVkcy,3.0377683020000004,0.24681867453750003,2.7909496274625005,638955
3827313721,,3Ma5FQ6m4EaPDFTx2dQoSnhLUK2Y6bfZm7,3.0027606040000006,0.24397429907500007,2.7587863049250005,637907
3827313739,,3PKkQJAwhLLrFM8fvgMdT9KxjM7U7AXub9,3.0375488180000003,0.24680084146250003,2.7907479765375003,638955
3827313747,,3GaRhWWRH3HKjeAB7nK77sHrLjMLQNAqTe,3.00363854,0.244045631375,2.7595929086249997,637907
3827313754,,34dgrZbyw7RZBVBoeUYhVGnPMTUVwsw7HY,3.0375488180000003,0.24680084146250003,2.7907479765375003,638956
3827313762,,3QbP5Znhr5euM8Q5JtrreT9KfXiReNkpJr,3.0373293340000003,0.24678300838750003,2.7905463256125,638956
3827313770,,3DdUBy3XiFBxUBD2FmuB66ziX2ujLU6P9F,3.0372195920000005,0.24677409185000004,2.7904455001500006,638956
3827313788,,3E7jbfDPJouxRXvPHJTNxgKZnWNcots9Uf,3.025696682,0.2458378554125,2.7798588265875,639023
3827313796,,32VkakzwsHyrGAQWVpvYpLaP6LfM5rEvJq,3.0267941019999998,0.24592702078749998,2.7808670812124996,639023
3827313804,,3GjUWtMu5QnAf8PZcu4nyYeNRnJSY93yit,3.026574618,0.24590918771250003,2.7806654302875002,639023
3827313812,,39PtA87ea7SeCsq6X7yFRqWUDXFFoZVrhu,3.025696682,0.2458378554125,2.7798588265875,639023
3827313820,,33L8xyuRYD8ANrACjDFtLMamEnGPXcsw2h,2.942621988,0.239088036525,2.703533951475,637969
3827312392,,36PXK14f1rwP6zFaQhMLXiM5HAJ6RdeTd9,3.025696682,0.2458378554125,2.7798588265875,639023
3827312400,,3E2aaYn9Ny2j4HuKXj7cVvcjAqn2SzbEh3,2.778338214,0.22573997988750003,2.5525982341125,638592
3827312418,,38tCkEVAysfq9va8FKdb5iWRvw2GSmnU41,3.026464876,0.245900271175,2.780564604825,639023
3827312426,,3GN8fzDjQtYxBPfU5sBjnG7u3iNHagQY5P,3.026464876,0.245900271175,2.780564604825,639023
3827312434,,3FmJbya7CLr2BQkPiP8vu2SMGPvpMQ9xv2,3.0267941019999998,0.24592702078749998,2.7808670812124996,639023
3827312442,,3LeW5Jtux9FChh4Rd1VUqH8r2QUYdg3Yo9,3.025477198,0.2458200223375,2.7796571756625,639023
3827312459,,3A1FXzvzMcYzMphpAUd3rFf7wpVdQx46Md,3.025477198,0.2458200223375,2.7796571756625,639023
3827312467,,39EyjZNuyyRX1hGw9mBpzD8i5JZuRSJGWf,3.02558694,0.245828938875,2.7797580011250003,639023
3827312483,199900129,39hEAdcmLHNKDTpTLWLU8ZshczY7gugb5q,1.235036468,0.100346713025,1.1346897549750001,639619
3827310354,199900258,3Bh3hpiPoG9f2cixhgBKY6cFz3PR8uhdtH,27.164327518000004,2.2071016108375003,24.957225907162503,641149
3831159300,199900267,3DFC2BfKcGGiMZZZTxDacv3SGB6qbvvkeS,23.554254686000004,1.9137831932375005,21.640471492762504,637118
3831156629,199900136,3MTNouZDDKmmJzYMxNuDNnDcpDvwJTWY9t,14.3542536,1.166283105,13.187970495,636745
3831156660,199900092,38DUBhft9XqkFeVbBG8PXhshJqPJXDUswG,3.139389394,0.25507538826250004,2.8843140057375,639876
3831156660,199900092,38DUBhft9XqkFeVbBG8PXhshJqPJXDUswG,6.140833094,0.49894268888750004,5.6418904051125,638944
3831156777,,3NPVuLKrSHQjha9SXbz81gjBrnr9znfBk4,9.716666422000001,0.7894791467875001,8.927187275212502,637867
3831156793,,3J4DQKy4EPJ2WTyUawrhLEmV4NiYrtAuKL,11.466612354,0.9316622537625001,10.5349501002375,637334
3831155993,,3Lh8HEPJVNointXVf5TTLD8hyKpUSPDhUg,1.1819213400000002,0.09603110887500002,1.085890231125,639257
3831155993,,3Lh8HEPJVNointXVf5TTLD8hyKpUSPDhUg,1.3277684580000002,0.10788118721250002,1.2198872707875001,637467
3831156009,,3PnJb3cHoN5VLrqunw9dufDVNwrvBrWoCN,118.81448088200001,9.653676571662501,109.16080431033751,638685
3831154996,199900003,39bzECuRtXsZvRwcRgDCWVL3fBhGHwekJf,115.385153124,9.375043691325,106.010109432675,639505
3831154996,199900003,39bzECuRtXsZvRwcRgDCWVL3fBhGHwekJf,60.3581,4.904095625,55.454004375,637945
3831154996,199900003,39bzECuRtXsZvRwcRgDCWVL3fBhGHwekJf,76.8194,6.2415762500000005,70.57782375000001,637353
3831155001,199900003,3LSJCCbAHDVFbndL32qyGAnevUEiTUK14G,50.5691136,4.108740480000001,46.46037312,639509
3831155001,199900003,3LSJCCbAHDVFbndL32qyGAnevUEiTUK14G,74.72168167000001,6.071136635687501,68.65054503431251,637456
3831155001,199900003,3LSJCCbAHDVFbndL32qyGAnevUEiTUK14G,48.286480000000005,3.9232765000000005,44.363203500000004,636614
3831155001,199900003,3LSJCCbAHDVFbndL32qyGAnevUEiTUK14G,120.7162,9.80819125,110.90800875,636541
3831155001,199900003,3LSJCCbAHDVFbndL32qyGAnevUEiTUK14G,119.61878,9.719025875,109.899754125,636406
3831155001,199900003,3LSJCCbAHDVFbndL32qyGAnevUEiTUK14G,60.90681000000001,4.948678312500001,55.95813168750001,636252
3831155019,199900215,3Cxz1CH29kAExJaU84WfZuZTQSK6ftnVgu,2.689995904,0.2185621672,2.4714337368,637655
3831155100,199900215,38Nxck5r8mYQPU9fe9cKcSrVHr46acijxA,2.6743027980000003,0.21728710233750004,2.4570156956625,637950
3831155126,,32727Ydtkj4unacC2qP7GvvuMXun1qakUS,2.9202346200000004,0.23726906287500005,2.6829655571250006,639167
3831155142,,3PLziJykAeBx6pxvfL8yS95dFBBaqS68CP,2.9195761680000003,0.23721556365000004,2.6823606043500003,639167
3831155191,,3HwVAC38pDJs4WeWKod9oNCwcKnGSfsfMx,2.919905394,0.23724231326250003,2.6826630807375,639167
3831155209,,33YrGN9aPDKzwteGfhBixaymq1DBoyfkTT,2.919795652,0.237233396725,2.682562255275,639167
3831155217,,3N7F46gAVqxyuveNMkVVaxo83Hz9fwBz9F,2.9192469420000005,0.23718881403750006,2.6820581279625,639167
3831155225,,3CB6eiFUnsoYRyYBxyvia1vvUh1ZSwBUEP,2.919795652,0.237233396725,2.682562255275,639167
3831155233,,3H5McE8FphGUk7nDNzwiiBo327gWLpBMba,2.919466426,0.2372066471125,2.6822597788875,639167
3831155258,,3JMiQ2TkEkk3Vdcuqotj8ai48uhd2QVzgh,2.85548684,0.23200830575000003,2.62347853425,638444
3831155316,,39sKF7hP2BQs7GmGerT9RSkv5BjLrhxctg,2.73147838,0.221932618375,2.509545761625,638444
3831155365,,39AyVM8aB521rSiCATZddrvDeEdeM4MeeG,2.9193566840000003,0.23719773057500002,2.682158953425,639167
3831155407,,3F6bTEoFoBs2z3yzswfmeGLLKXnd3RTPDc,2.923307396,0.23751872592499998,2.685788670075,638720
3831154616,,3PWUm7YzZLX8yXKqvHp6L6nciQBPcipzUc,2.919466426,0.2372066471125,2.6822597788875,639167
3831154657,,3Q5msjERUHrJVkBf146DSMgehYmRy28VWc,2.782069442,0.22604314216250002,2.5560262998375,638597
3831154673,,331bNdtkSoikQpT441EFWUQoThV8gN6UWA,2.9664360020000005,0.24102292516250004,2.7254130768375004,639312
3831154681,,37BREq5fsTbJWweq7wFou1Eusd5iiTQDN7,2.892140668,0.23498642927500002,2.657154238725,639187
3831154715,,3PrxYE3m56ZMxcNZkAhYkmYeMGndKiJKR7,2.919466426,0.2372066471125,2.6822597788875,639167
3831154731,,3JZyNfJg2tFv1hJdQBSKEZFLVxtsJzLJkb,2.93340366,0.23833904737500003,2.695064612625,639598
3833145307,,3GGccUhdmC2rqFbxsFz5DW5zkQ6uXmRhaT,6.015836956,0.48878675267500005,5.527050203325,637839
3833145869,199900144,3GyZjok55o3pKDaUdCycvxuY5MgxAk4GJM,125.59971900000001,10.20497716875,115.39474183125,636862
3833145869,199900144,3GyZjok55o3pKDaUdCycvxuY5MgxAk4GJM,1496.88088,121.6215715,1375.2593084999999,636714
3833145869,199900144,3GyZjok55o3pKDaUdCycvxuY5MgxAk4GJM,1316.904,106.99845,1209.90555,636709
3833146461,199900289,38rkkgfT2Kc4dEWZ6YYRhi1W1WSYku8Kyi,8.220553736,0.66791999105,7.55263374495,638298
3833144730,,3NkY4B1WtmsFJW5CNPspRDZ44dGmQ5s1ZE,5.904229342000001,0.4797186340375001,5.424510707962501,638207
3833144813,199900245,3E4hQMiafhfXetAGSJ9jJKu3q5etDXXN31,39.069468904000004,3.1743943484500003,35.89507455555,640650
3833144847,199900233,3Es6AmTY4WUdWJNdgJS148ADrLHBTcoLGg,56.869840788000005,4.620674564025,52.249166223975,636030
3833144870,199900287,3EAPipuPSXycmFAMVpeeLFCM5KkEXRncV8,1.171934818,0.0952197039625,1.0767151140375,635637
3833144011,199900290,3DAuGWrUhWyG25ZWMNcaMurJGZzvi1FVT5,32.378169938,2.6307263074625,29.7474436305375,638370
3833144037,199900010,3KBnpxSMJXw6RHTtYjawCgpiifF6MXFdnu,268.19134057,21.790546421312502,246.4007941486875,638001
3833144037,199900010,3KBnpxSMJXw6RHTtYjawCgpiifF6MXFdnu,113.70423491000001,9.238469086437501,104.4657658235625,636464
3833144110,199900287,3Ejv6wHTxUQTRm11R8srrfiSWQMuuPiVRw,4.686093142000001,0.38074506778750006,4.3053480742125005,635717
3833144466,199900287,3JpPztXh5QzaLxnqGgN7Yi9Zvri1bYyYHR,2.3287252400000003,0.18920892575000003,2.13951631425,635840
3833142734,199900233,32H6C1hHy951DPnQBmtECE5ZXwkeYw1J29,81.030310282,6.583712710412501,74.4465975715875,639448
3833142734,199900233,32H6C1hHy951DPnQBmtECE5ZXwkeYw1J29,53.926011638,4.3814884455875,49.5445231924125,637663
3833142775,199900204,3KfWpPXHLrwKvPSRRzgHraKUZZxE2ZbjMY,0.29959566000000004,0.024342147375000005,0.27525351262500003,636425
3833143252,199900285,34S9WXtZ5mREjtBCXY3YxZez57W16XSx3e,3.419670462,0.2778482250375,3.1418222369625,635938
3833143609,,3Ku4Pmr9xcvBct6SHtJpb42VhYuenPzLJB,29.728120122000004,2.4154097599125004,27.312710362087504,638813
3833143708,199900101,3FAHsUtDn1M9tmcuT7pcKKs7mVtUFdgvC7,2.3761337840000003,0.19306086995000002,2.1830729140500003,639388
3834472320,199900232,3ABXEAK3U8mNP6v9hZwSJMNNiXGGRB5AmM,1.142633704,0.09283898845,1.04979471555,636062
3834472387,199900231,3QKWz5vogK4YFd1GqqdmTFngAh4VwwKU4L,5.421913252000001,0.4405304517250001,4.981382800275001,635761
3834472387,199900231,3QKWz5vogK4YFd1GqqdmTFngAh4VwwKU4L,1.1950903800000001,0.09710109337500002,1.097989286625,635634
3834472395,,3FE5fAzhxRfL8PBoortHQcoHtsT5CWARBg,1418.9801920740001,115.29214060601251,1303.6880514679876,638079
3834472395,,3FE5fAzhxRfL8PBoortHQcoHtsT5CWARBg,11.363235390000002,0.9232628754375002,10.439972514562502,636088
3834471769,,339d4ttyp9qJRjLJCiZosVL3Lm5evcM1bs,8.08359572,0.65679215225,7.4268035677499995,636299
3834471769,,339d4ttyp9qJRjLJCiZosVL3Lm5evcM1bs,360.94143800000006,29.326491837500004,331.6149461625001,636283
3834471769,,339d4ttyp9qJRjLJCiZosVL3Lm5evcM1bs,17.98067799,1.4609300866875001,16.5197479033125,635910
3834475810,,3FHbTg8FhBAi1vZkYYKDyTTPGuTNbeN7SD,7.77686683,0.6318704299375001,7.1449964000625,639334
3834475968,,3JoG6jEw5VXsKokKCbpG9RAGw1drPgYJME,3.6050247000000004,0.29290825687500005,3.3121164431250003,639473
3834476123,,36j69QDn8i7J1C5VF9GtKcoqe1yyBR2MYu,1.207162,0.0980819125,1.1090800875,638499
3834476123,,36j69QDn8i7J1C5VF9GtKcoqe1yyBR2MYu,3.5440081480000005,0.287950662025,3.2560574859750004,638345
3834474607,,3A1z9N8Mmb5db4nLFtrCTkJLcPytaKt3vc,3.72519219,0.3026718654375,3.4225203245625,639473
3834474672,,3Fwz9RT77DKJ2Shxu2zEiKciTqW2KCuJq1,3.6050247000000004,0.29290825687500005,3.3121164431250003,639473
3834474789,,3FPGCwhUw9n1aM3bV5gveb3C96BPF4tEXY,3.72519219,0.3026718654375,3.4225203245625,639473
3834474136,199900101,3NaaQBVVpp7AM4DuYRNWQhvvaDRviQLTyS,5.528582476,0.449197326175,5.079385149825001,640894
3835133673,199900184,33q9LFDwYaqzzt7h2CwnyUJGxEyr3uLQY9,1.775186592,0.14423391060000001,1.6309526814000002,636293
3835132527,,3EQafUcXpHas9bH5orUtsgHS7EpMuTu9X5,57.39506600000001,4.663349112500001,52.731716887500006,639366
3835132527,,3EQafUcXpHas9bH5orUtsgHS7EpMuTu9X5,59.1619122,4.8069053662500005,54.355006833750004,639296
3835132527,,3EQafUcXpHas9bH5orUtsgHS7EpMuTu9X5,22.749516600000003,1.8483982237500003,20.901118376250004,636075
3835131883,199900003,3BeAsH9BPviyJYVz1PW5t1dNKnpsWqGRbK,268.977642,21.8544334125,247.12320858750002,639166
3835131883,199900003,3BeAsH9BPviyJYVz1PW5t1dNKnpsWqGRbK,173.28261799999999,14.079212712499999,159.20340528749998,639102
3835131883,199900003,3BeAsH9BPviyJYVz1PW5t1dNKnpsWqGRbK,149.21235643,12.1235039599375,137.0888524700625,638247
3835131891,199900003,3G7kH4aYS7tGDJ4KzyoxgwtXWhmxNvadyU,268.494118748,21.815147148275003,246.678971599725,639361
3835131891,199900003,3G7kH4aYS7tGDJ4KzyoxgwtXWhmxNvadyU,245.52281356600002,19.9487286022375,225.57408496376252,638107
3835131941,199900001,34o2YJLkBEP4g4Sq3LeGodPV13UgCjt3G1,39.255701078,3.1895257125875003,36.0661753654125,637931
3835131966,199900058,3K3u2jADK4NrCTgS2h4wVjCojnp2VrVbzK,77.80235909400001,6.321441676387501,71.48091741761252,637047
3835131966,199900058,3K3u2jADK4NrCTgS2h4wVjCojnp2VrVbzK,47.035201716,3.821610139425,43.213591576575006,636133
3835132196,199900272,3K5sH46riF8fTjxMvF8dtUSZUAvdnwtLET,31.989793000000002,2.5991706812500004,29.39062231875,636295
3835132238,199900272,3GJA3aasV5pSeMrv4C5FYudrZiLwgBAVEz,3.5227182000000004,0.28622085375000006,3.23649734625,635698
3835132238,199900272,3GJA3aasV5pSeMrv4C5FYudrZiLwgBAVEz,29.290139800000002,2.3798238587500005,26.91031594125,635691
3835132337,,3AfaFkwSKt6yJLe9xLm9ShPcZspW3WZoac,11.988874532,0.974096055725,11.014778476275001,639634
3835132337,,3AfaFkwSKt6yJLe9xLm9ShPcZspW3WZoac,23.856703638000003,1.9383571705875002,21.9183464674125,638929
3835132337,,3AfaFkwSKt6yJLe9xLm9ShPcZspW3WZoac,35.825385642,2.9108125834125,32.9145730585875,637345
3835132337,,3AfaFkwSKt6yJLe9xLm9ShPcZspW3WZoac,11.739540708000002,0.9538376825250001,10.785703025475001,635673
3835132345,,34bthmum6kYhQZTS6ehesUv3MSM8MS2cpw,9.82904223,0.7986096811875001,9.0304325488125,636838
3835132444,199900235,3GNEmt9UMcJQGBxRmBXqWpP3sJ6YaWJXrC,1.3509240200000001,0.10976257662500001,1.241161443375,635685
3835134374,,3BcZtaH8AZCi8qyfCbT25qibSSijx2p38B,27.4355,2.229134375,25.206365625,637213
3835134945,,3QNJrYrC3gCdF2tjG3zspahDEA1CDV2As1,28.512178762,2.3166145244125,26.1955642375875,637292
3835134952,,3LWdo87p4Eswut6uZJ14T3Q79ZeWg3bkW3,27.4355,2.229134375,25.206365625,637227
3835134986,,32pSebDdPAaM5FtcNCCQiPRaT7f2G9RbSM,40.536829186,3.2936173713625,37.2432118146375,636815
3835135041,199900228,345LsnKNK6u2QgBdcMCrmzp5QWKeLx82fa,14.201602478,1.1538802013375,13.0477222766625,639603
3835135082,199900184,3L7QMmJLzHqKPK5NRSpzc8LppcgqECJPPN,1.779356788,0.144572739025,1.634784048975,636296
3835135215,199900272,36iaMM11efmmqGw134z7fnzYsSuNy2JYVD,4.7189060000000005,0.38341111250000004,4.3354948875,638259
3835135215,199900272,36iaMM11efmmqGw134z7fnzYsSuNy2JYVD,32.077586600000004,2.6063039112500004,29.47128268875,636287
3835135223,199900238,3Jnke95S7ZpTwKeQeoLLZ6EyENkToV9rAY,5.943626720000001,0.4829196710000001,5.460707049000001,639175
3835135223,199900238,3Jnke95S7ZpTwKeQeoLLZ6EyENkToV9rAY,17.183402360000002,1.3961514417500003,15.787250918250002,638796
3835135272,199900172,3DAXoFujKrknasCFeFpQcK9WDudB45zCah,3.919106304,0.3184273872,3.6006789168,636077
3835135314,,3KjuQfUV87AZEygSTgTpZfxA343gujUX8c,29.227696602,2.3747503489125004,26.852946253087502,637294
3835135322,,31qkGfses7PX4A6pggbF7nvFdeovqxo1Lb,7.68194,0.624157625,7.057782375,637294
3835135330,199900228,3MksZHDVKM6mB5zMoT9UxsEFf8NWWrGdZ6,6.035810000000001,0.49040956250000006,5.545400437500001,636956
3835135389,,38fAEH3Qf1Z7867C9vBZtp33LxcfcWqJxr,120.431309768,9.78504391865,110.64626584935,640614
3835135447,199900010,3FcdJCc5okR3VUGDkDnSw33RS1HMX6FDBL,433.01778876000003,35.18269533675,397.83509342325004,638002
3835135447,199900010,3FcdJCc5okR3VUGDkDnSw33RS1HMX6FDBL,254.67979578800004,20.692733407775002,233.98706238022504,636596
3835135447,199900010,3FcdJCc5okR3VUGDkDnSw33RS1HMX6FDBL,444.036214786,36.0779424513625,407.9582723346375,635853
3835135470,199900101,3Bt28XUJJDunX2VQsCZZi4zPpvxD2j3Ztk,22.822824256,1.8543544708000002,20.9684697852,635928
3835135751,,3QksbGk7dFrRiMJTWCfSqF3hXoEmpGkmCd,1.197504704,0.0972972572,1.1002074468,636444
3835135926,,3BGQX1hp7c52W5EqZrB7t8NjKYEy8hJsNH,6.6218322800000005,0.5380238727500001,6.08380840725,635795
3835136296,,35KMcUudRBhFKgCXymwM6DeQQrTGLADLGP,2.9031148680000003,0.23587808302500002,2.6672367849750005,639167
3835136460,,3KPRGYuAa9SYDotmGwPy7q2RyaecANDA2V,2.908821452,0.23634174297500002,2.672479709025,639168
3835136502,,3Mdb1Bwn1R9LXWtbGCyV3iJyMhhsL6P7H8,2.908382484,0.23630607682500002,2.672076407175,639178
3835136627,,3Kop5L3vsQ6oXyh4pdchmUXi2VsoG6MpJw,2.9102480980000003,0.23645765796250004,2.6737904400375,636397
3835136676,,36sPsCrBPk58Me2RcxurRHmpioofMjYLbK,2.9087117100000004,0.23633282643750003,2.6723788835625,639178
3835136692,,3QpRpMdAKw9NoY2C33NLq1NJRrb42zounc,2.908492226,0.2363149933625,2.6721772326375,639178
3836218887,199900290,3MhEt6gXUJ4aCsoG4dhUiaJeK6jDacxRW9,60.37478078400001,4.9054509387000005,55.46932984530001,635878
3836218275,,3GdDC1t7NnYuDVtKtAbWeGk5Exa1HnCoev,1.1649113300000002,0.09464904556250002,1.0702622844375003,635835
3836218283,,34vxUGLVEop5mB9M5xLCQ82n5exMWT9mw3,1.1649113300000002,0.09464904556250002,1.0702622844375003,635835
3836218291,,3R1c8YM2dQzm7yJPn4ukUw8UA5GWmsyBfv,1.1649113300000002,0.09464904556250002,1.0702622844375003,635835
3836218341,,3KvxUCekiyv2nDq7Squ1imsmce5CQ2BtgS,1.141646026,0.09275873961250002,1.0488872863875,635961
3836218358,,36w8BrBcadE6Tw6VbfLpUPH9zGHQLi1uZH,1.464397248,0.1189822764,1.3454149716000001,635749
3836218366,,33tAEiA8c1gzaUTq7oQGQG3VHFw12iKDAu,1.464397248,0.1189822764,1.3454149716000001,635751
3836218374,,3NNkQxMZdUM4oxhUnrE4VPedGUSMYbG5bc,1.464397248,0.1189822764,1.3454149716000001,635751
3836218382,,34v5xbdTJvU23uMU1Mah1t2A2YznoL9mKb,1.464397248,0.1189822764,1.3454149716000001,635751
3836218390,,3GHUSXxNkbXRmqsptfTQaqMpMpHkdyTWjE,1.464397248,0.1189822764,1.3454149716000001,635751
3836218408,,37McSvFXthEq5usUJS66qv42wzMoVkhJPq,1.1965170260000002,0.09721700836250002,1.0993000176375003,636622
3836218408,,37McSvFXthEq5usUJS66qv42wzMoVkhJPq,1.202004126,0.09766283523750001,1.1043412907625,636391
3836218408,,37McSvFXthEq5usUJS66qv42wzMoVkhJPq,1.175775788,0.095531782775,1.080244005225,636148
3836218408,,37McSvFXthEq5usUJS66qv42wzMoVkhJPq,1.464397248,0.1189822764,1.3454149716000001,635751
3836218416,,339a3UhYMMYA4g9mCiKxTwsQwC3E6xPvBv,1.175775788,0.095531782775,1.080244005225,636148
3836218416,,339a3UhYMMYA4g9mCiKxTwsQwC3E6xPvBv,1.464397248,0.1189822764,1.3454149716000001,635751
3836218424,,374Pd85EfgSsi1c65fGngDka8BtsFiXrWR,1.175775788,0.095531782775,1.080244005225,636148
3836218424,,374Pd85EfgSsi1c65fGngDka8BtsFiXrWR,1.473615576,0.11973126555000001,1.35388431045,635751
3836218432,,3ExJpNPBPqmW7wgaoCyA6UTDm37KRoq7iK,1.175775788,0.095531782775,1.080244005225,636148
3836218432,,3ExJpNPBPqmW7wgaoCyA6UTDm37KRoq7iK,1.473615576,0.11973126555000001,1.35388431045,635751
3836218440,,38v2zcjwgwqFXVQ6AkcRy5fMoce2NaJxuY,1.473615576,0.11973126555000001,1.35388431045,635751
3836218457,,37PfXcvnLE8wMHZuq9U6M5KQVSJfme1phF,5.918166576,0.48085103430000004,5.4373155417,636198
3836218457,,37PfXcvnLE8wMHZuq9U6M5KQVSJfme1phF,3.8710393080000003,0.31452194377500003,3.5565173642250003,635913
3836218465,,3E9tQSWhnLH8PwWf4VmLU73jLiGaGcxQvR,2.58168055,0.20976154468750002,2.3719190053125003,635913
3836218473,,35EQkqnB3kS9F3Ar4Gq84sTwr93TPmvBGy,0.17010010000000003,0.013820633125000002,0.15627946687500002,635931
3836218473,,35EQkqnB3kS9F3Ar4Gq84sTwr93TPmvBGy,30.839587098000003,2.5057164517125003,28.3338706462875,635900
3836218481,,3Eqb6VGxgka1nHo7UsiJTa556YvwNfk7PR,19.257087192,1.56463833435,17.69244885765,636011
3836218499,,3Au6ig36DB5D2U57cjXa7aUWNvNeKbF2ga,1.481736484,0.120391089325,1.361345394675,636160
3836222814,,35BYs7RgV8YfAZhF8f4CGzLL2D26PPSy3X,2.19484,0.17833075,2.01650925,636854
3836222814,,35BYs7RgV8YfAZhF8f4CGzLL2D26PPSy3X,1.481736484,0.120391089325,1.361345394675,636160
3836222822,,3MSiwJ1Uzfv5aC55SHD9rvuwQDwnikg6Na,1.481736484,0.120391089325,1.361345394675,636163
3836222830,,3NfbJGSa5CgC2v7ZkRvfe988jJfkJGb8cD,1.481736484,0.120391089325,1.361345394675,636163
3836222830,,3NfbJGSa5CgC2v7ZkRvfe988jJfkJGb8cD,1.481736484,0.120391089325,1.361345394675,636163
3836222848,,34e39ev6cTVW9Bh5L9XEkMo9kfnjwicLoP,2.844951608,0.23115231815,2.61379928985,636163
3836222855,,3LBXZwWiYMQ3BCoDnidJmZUkV8YSvHiQqZ,2.9320867560000003,0.23823204892500002,2.6938547070750003,635716
3836220214,199900266,3AveRGzr8t2CYyrziEDs8DsGV4Lp31LePa,5.686501214,0.4620282236375,5.2244729903625,636026
3836220230,199900266,31xpdG8P9vx8P1ANha7ewbietDrei8TQGx,5.686501214,0.4620282236375,5.2244729903625,636027
3836220255,,3KnfzKcE7SgwEXpXvpARNXKFnJsp1NPLJX,2.086963614,0.16956579363750002,1.9173978203625,635973
3836220297,199900317,3BPxpabcWUyiZTZZXgXNq3VNXrRRvotZJG,0.636393858,0.051707000962500006,0.5846868570375,635605
3836220420,199900314,3FBibAyvjtYX5ctMKib4m2dz7ikDWJZDpn,24.139947740000004,1.9613707538750005,22.178576986125,640757
3836220974,,35BqDDXAJ1SFCtJpgZ9x8W7fi9qqVfm4Y5,3.5418133080000005,0.28777233127500007,3.2540409767250003,635602
3836220974,,35BqDDXAJ1SFCtJpgZ9x8W7fi9qqVfm4Y5,2.367025198,0.1923207973375,2.1747044006625,635580
3836220990,199900145,3PNRQw9Wk131jmBVrej6m1P8TSQZxLyr5W,1.3864804280000003,0.11265153477500002,1.2738288932250001,635685
3836221006,199900145,3PSGgRHbwC92cB2y67YvQkdKMs68JQFAUC,1.3629956400000003,0.11074339575000003,1.2522522442500001,635685
3836221014,199900252,3K6SzPTqoAQME7AG8tR8XmiUkDM2eDBinb,42.06136505,3.4174859103125,38.6438791396875,639899
3836221030,,3CnuNuHLkkQA3YFwxgTbRFSQeEF6bAx2tY,86.66545224000001,7.041567994500001,79.62388424550001,639340
3836221030,,3CnuNuHLkkQA3YFwxgTbRFSQeEF6bAx2tY,281.443455264,22.867280740200002,258.57617452380003,638285
3836221030,,3CnuNuHLkkQA3YFwxgTbRFSQeEF6bAx2tY,46.123355438000004,3.7475226293375004,42.3758328086625,637855
3836221030,,3CnuNuHLkkQA3YFwxgTbRFSQeEF6bAx2tY,23.709320132000002,1.9263822607250003,21.782937871275003,636761
3836221055,199900232,3MoMhpEmP2mnP4SpV1qsAR1FsHLc3u6yQv,1.7157064280000003,0.13940114727500003,1.5763052807250002,635972
3836221055,199900232,3MoMhpEmP2mnP4SpV1qsAR1FsHLc3u6yQv,2.343869636,0.190439407925,2.153430228075,635672
3836221063,199900232,34ZH9Shpwf2mek1WPRGSJ22JReLyREpQNh,2.343869636,0.190439407925,2.153430228075,635672
3836221071,199900309,34jvq7Pke95ccbyRhwrfd7Lq3DzKrFRBK1,2.921661266,0.2373849778625,2.6842762881375,635799
3836221089,199900314,37nUqmFCZwLR1fp39gY5CcD5usvnmGQX12,1.34324208,0.109138419,1.234103661,635827
3836221097,,3GKneMxN7QE6mBYXgDktB5ZiA5ybUn7dkG,1.2340487900000001,0.10026646418750002,1.1337823258125002,635840
3836221105,199900339,3PBAacVVu3EdgTp6vtnnu3XDgbhKF6eyBm,2.3706466840000004,0.19261504307500005,2.1780316409250005,638137
3836221105,199900339,3PBAacVVu3EdgTp6vtnnu3XDgbhKF6eyBm,1.814803454,0.1474527806375,1.6673506733624999,636033
3836221113,199900276,3P8JpNMwkNBb2wThFhJsUwTvkiBNHSZHwN,11.768073628,0.956155982275,10.811917645725,635862
3836221121,199900340,3MQ8DQK55XLbKxFg6DGcTjPzXfwkm4ek2i,1.3246956820000002,0.10763152416250002,1.2170641578375,637332
3836221139,199900340,3CSFSVnwp9AvDWmw9n2vpdd5Bu7pE1V247,1.409965216,0.11455967380000001,1.2954055422,636714
3836221139,199900340,3CSFSVnwp9AvDWmw9n2vpdd5Bu7pE1V247,1.14460906,0.092999486125,1.051609573875,635978
3836221147,199900340,3K7JXCns3BMfoGhta5en5A7uBpQZiZD2MB,1.14460906,0.092999486125,1.051609573875,635977
3836221154,199900340,3Hcexqz4npKD9QzRXBA31HB4pj7737ioPP,1.3257931020000002,0.10772068953750003,1.2180724124625002,637332
3836221162,199900340,3FGkMv35n2amwFEZPNi5BKM9S9bHGptUpj,0.364782408,0.02963857065,0.33514383735,636714
3836221162,199900340,3FGkMv35n2amwFEZPNi5BKM9S9bHGptUpj,1.14351164,0.09291032075000001,1.05060131925,635975
3836221170,199900340,38RQBkSXUxn9Xzfgjmy18C7wnqsnCbJbMp,0.36434344,0.029602904500000003,0.3347405355,636714
3836221170,199900340,38RQBkSXUxn9Xzfgjmy18C7wnqsnCbJbMp,1.14460906,0.092999486125,1.051609573875,635977
3836221188,199900340,3JDqUKKLkEBrzh9rmjitM7dz6hBdqB3oDh,1.3257931020000002,0.10772068953750003,1.2180724124625002,637332
3836221196,199900340,3McTFMEqgR3dLryJdEWUALW8quCDB5zRpD,1.3246956820000002,0.10763152416250002,1.2170641578375,637332
3836221204,199900340,33yr8XJGnu4rwbvjJKUzv9sRefSFAHDTk2,0.4863765440000001,0.039518094200000006,0.44685844980000006,636713
3836221204,199900340,33yr8XJGnu4rwbvjJKUzv9sRefSFAHDTk2,1.1413168,0.09273199,1.04858481,635970
3836221212,199900340,3GzEWHtMTa9YXLk3MVrcpzLEvbShQ4zRiU,1.3243664560000001,0.10760477455000002,1.2167616814500002,637332
3836221238,199900145,3LB1fML8nwMs64EvSCboqhP71PkYsb4bgm,1.389223978,0.1128744482125,1.2763495297875,635913
3836221246,199900145,3P7RDfadZjQK7fwqvSNJ9oDQvSxdePUifW,1.366068416,0.1109930588,1.2550753572,635913
3836221766,199900276,3JTkNhhj6MZw7GWGSSY3b1KM5dHvegEAp9,3.905608038,0.3173306530875,3.5882773849125,635826
3836221774,199900184,3HNkQGMmy8QebaM5ZTUTvmrScMBNTxCiuL,2.89554267,0.23526284193750002,2.6602798280625004,635859
3836221782,199900290,3HQEeiQUoXHr5YpesSMKhntifg7UjDEfQf,2.629857288,0.21367590465000003,2.41618138335,635913
3836221790,199900184,38xduUxeKQKvw8k2meRMggKNPw83tZ8A9a,2.8930186040000003,0.23505776157500002,2.657960842425,635913
3836221808,,3GVEigoMuixzqexFDmRPios5gBy9V88rQH,7.68194,0.624157625,7.057782375,637296
3836221816,199900336,3DuxfFYg9Dvcpf7GkGErbtR7M5GP81s6wB,1.789014084,0.145357394325,1.643656689675,639400
3836221816,199900336,3DuxfFYg9Dvcpf7GkGErbtR7M5GP81s6wB,10.011543176,0.81343788305,9.19810529295,637959
3836221816,199900336,3DuxfFYg9Dvcpf7GkGErbtR7M5GP81s6wB,11.078784126,0.9001512102375001,10.1786329157625,637836
3836221816,199900336,3DuxfFYg9Dvcpf7GkGErbtR7M5GP81s6wB,5.920032190000001,0.48100261543750006,5.4390295745625,636272
3836221816,199900336,3DuxfFYg9Dvcpf7GkGErbtR7M5GP81s6wB,3.4937463120000003,0.28386688785,3.2098794241500004,635831
3836221824,199900283,3PNZR69QKGVNkfsdMJwb8X7ekzUAoEdTrM,1.747751092,0.142004776225,1.6057463157749998,635818
3836221832,199900283,3J4RKeYWFqggMXLJ5fa93ttLbBkPjjFP8p,1.7474218660000003,0.14197802661250003,1.6054438393875001,635818
3836221840,199900283,36PJjeitWBw2RFRbQCNTW9Kz5g2mbRGCjb,1.747751092,0.142004776225,1.6057463157749998,635818
3836221857,199900283,3DprZ7AjAtGSG9gDrdBHh8jGgP5xDawu1a,1.747751092,0.142004776225,1.6057463157749998,635818
3836221865,199900285,39GinNDBCjFgcurj5RtkgBURhLKjaepFnz,1.747751092,0.142004776225,1.6057463157749998,635818
3836221873,199900283,36jqiJspLSEoWi6aAz4XkwfDToPo38rfCE,1.747751092,0.142004776225,1.6057463157749998,635818
3836221881,199900283,3NnCD6PHhG3cwLNbmFLJujYHfuvpqhSCyS,1.747751092,0.142004776225,1.6057463157749998,635818
3836221899,199900283,3BCHpezfbahp5QEaye2enpkixsj48tndB5,1.747751092,0.142004776225,1.6057463157749998,635822
3836221907,199900283,31v5HCDCLYyV9RvfSez4tfacTdSkTb3dRq,1.747751092,0.142004776225,1.6057463157749998,635822
3836221915,199900283,3FA2wMLmfNSFkTpJduYph2Gcq7W6Hst6cn,1.7474218660000003,0.14197802661250003,1.6054438393875001,635818
3836221923,199900285,3PkmLWfbZF3DPAYdTp5rbjr8ioKKHgY74J,1.747751092,0.142004776225,1.6057463157749998,635820
3836221931,199900285,3DpYABGXKbHP2JG9k34aSoQMMp1yBF2uZx,1.747751092,0.142004776225,1.6057463157749998,635822
3836221949,199900285,3LyJEQP7FXAQcP2SXaxTmbhxxjb2vZv5m3,1.747751092,0.142004776225,1.6057463157749998,635826
3836221956,199900285,39Yn9yYBUp5mGtkQWYnbfkkQPPfknU3jgF,1.7474218660000003,0.14197802661250003,1.6054438393875001,635818
3836221964,199900285,3HhbjdyGKcvtRFqBG7Em3PuY2RPhCnjkti,1.7474218660000003,0.14197802661250003,1.6054438393875001,635818
3836221972,199900285,3PiF4n2nzB6CBADxzkzHZt4r36yhXrhajj,1.7480803180000002,0.14203152583750003,1.6060487921625002,635826
3836221980,199900283,3EE6BsgQJFQhyxZvaCDvzowhpqoTDhN5pQ,1.7474218660000003,0.14197802661250003,1.6054438393875001,635818
3836221998,199900285,3AGVLogfie9tCQxrmsPatMpQrqRg7tKdUG,1.747751092,0.142004776225,1.6057463157749998,635818
3836222004,199900283,3B7MexPLmWwwuCuGx7m4rsSSbac3387HtZ,1.747751092,0.142004776225,1.6057463157749998,635819
3836222012,199900283,36LHCQhSVykJineSwRXA3VN2XEuMhn4PUj,1.7474218660000003,0.14197802661250003,1.6054438393875001,635818
3836222020,199900314,31sNgdbE2KAGjLnZKW6rPeMQeTqCfaVy41,3.681734358,0.2991409165875,3.3825934414125,636246
3836222020,199900314,31sNgdbE2KAGjLnZKW6rPeMQeTqCfaVy41,1.34269337,0.10909383631250001,1.2335995336875,635826
3836222053,199900314,3Qyu2i2YkgxwCqDnLBxoMfvtNAhYq6rDMB,7.68194,0.624157625,7.057782375,635842
3836222442,,34qetqzSrMUswMANYxAFxMjw7ka5rgp3J9,1.1402193800000002,0.09264282462500002,1.0475765553750003,635949
3836222566,199900328,3QDjZfwvHgwzz8boHn8ZNTcmPVfKcCEGBh,3.764370084,0.305855069325,3.4585150146749997,635850
3836222582,199900184,35cFmL8ZM5zAvsFhjQ2ucj8tv9xEVpurqc,1.7744183980000001,0.14417149483750002,1.6302469031625,636326
3836222582,199900184,35cFmL8ZM5zAvsFhjQ2ucj8tv9xEVpurqc,2.843854188,0.231063152775,2.612791035225,636029
3836222608,,3KDVepADmYUnSNc8p5eAZUtVjEkL9sTTfX,18.082299082,1.4691868004125,16.613112281587497,639495
3836222608,,3KDVepADmYUnSNc8p5eAZUtVjEkL9sTTfX,2.6644260180000003,0.21648461396250004,2.4479414040375005,639289
3836222608,,3KDVepADmYUnSNc8p5eAZUtVjEkL9sTTfX,5.045717676000001,0.4099645611750001,4.635753114825,639256
3836222608,,3KDVepADmYUnSNc8p5eAZUtVjEkL9sTTfX,5.0591062,0.41105237875000006,4.64805382125,639250
3836222608,,3KDVepADmYUnSNc8p5eAZUtVjEkL9sTTfX,2.6057140480000003,0.21171426640000002,2.3939997816000003,639171
3836222616,199900222,336sKAArxKTEcvZDrJJfrFj1RMqC1ctoCJ,42.80267226000001,3.477717121125001,39.324955138875005,637999
3836222616,199900222,336sKAArxKTEcvZDrJJfrFj1RMqC1ctoCJ,24.154762910000002,1.9625744864375003,22.192188423562502,636596
3836222624,199900343,3KRnpeQ7doR6yFJJjvfJshBmJ26YMDfRQD,1.136597894,0.09234857888750002,1.0442493151125,636007
3836222624,199900343,3KRnpeQ7doR6yFJJjvfJshBmJ26YMDfRQD,2.391717148,0.194327018275,2.197390129725,635990
3836222640,199900193,355MbPkHrS5peaLDm6mHDzfDmFUFnezM6k,22.748858148000004,1.8483447245250004,20.900513423475005,636031
3838389173,,32guLajKpS824GsJgN77d4CgpTLypxFmGL,3.39761232,0.276056001,3.1215563189999997,636011
3838389322,,3F15wHzEmvt9j13Hr8AGmpjei6YcDoAJFQ,2.1596128180000003,0.17546854146250002,1.9841442765375001,636547
3838389389,,32VLqv5EBY1zsZtMbVA5WFE73qKXNnC8GD,1.197504704,0.0972972572,1.1002074468,636444
3838389413,,3AWxmKFrymnYgT8saRWZqn4tsrRmWX2P1B,1.13692712,0.0923753285,1.0445517915,636109
3838389454,199900145,3KLK6UduQ4dZtzKb7Rzjet6S39do6MHTPS,0.22661723000000003,0.018412649937500004,0.20820458006250003,636028
3838389454,199900145,3KLK6UduQ4dZtzKb7Rzjet6S39do6MHTPS,1.13308615,0.0920632496875,1.0410229003125,636028
3838389488,199900145,3Bnz2aFCyvv2zFfk4Zg21vRtJ3TR2whHWv,1.35970338,0.110475899625,1.249227480375,636028
3838389504,199900347,3FQuLJvZXUugNefPPP5mvH6n8sBNQmJAGm,104.2549,8.470710625,95.78418937500001,636486
3838389504,199900347,3FQuLJvZXUugNefPPP5mvH6n8sBNQmJAGm,59.923302196,4.868768303425,55.054533892575,636480
3838389504,199900347,3FQuLJvZXUugNefPPP5mvH6n8sBNQmJAGm,13.676048040000001,1.1111789032500001,12.564869136750001,636005
3838389520,199900347,3QRmKxmhhieQRNJThDwuSeMrBGuH1xcAj2,5.984011776,0.48620095680000003,5.4978108192,636964
3838389520,199900347,3QRmKxmhhieQRNJThDwuSeMrBGuH1xcAj2,1.19673651,0.09723484143750001,1.0995016685625,636004
3838389546,199900342,3Aigp115x8uibgiyC4XVmeTfNmzuRvJ8Gq,2.387107984,0.19395252370000002,2.1931554603,636008
3838389553,199900263,3DMStBkPq42XpRxAsJXC1M811qJnzrZ3h6,1.3755062279999999,0.111759881025,1.2637463469749999,636357
3838389561,199900263,3NyDbtSepq6LsUuj7rTPxrsF2HuSH5Cd5H,1.382419974,0.11232162288750001,1.2700983511125001,637028
3838389579,199900263,3Aq4DQoDFXMn6FhJ8W2CM39XHaPSV5BE5T,1.382419974,0.11232162288750001,1.2700983511125001,637012
3838389587,199900263,3KT1rttGfobt1oemxiXNrNVexuu2utZj2D,1.382419974,0.11232162288750001,1.2700983511125001,637028
3838389595,199900263,31pQdp1h7qzfb2KuXYGQv8bAAxA1pK9BVr,1.382419974,0.11232162288750001,1.2700983511125001,637179
3838389603,199900263,36FfCwFvL87VEKWee8mwCrcvwv4UFzZ4WW,1.3755062279999999,0.111759881025,1.2637463469749999,636357
3838389611,199900263,36YWpPHgM2eHDPRHWYhRY7WokA3DuwJBUk,1.3755062279999999,0.111759881025,1.2637463469749999,636357
3838389975,199900263,3BFttaZkdYKY7hKPUxaR4MHaAKUdG92zUP,1.382419974,0.11232162288750001,1.2700983511125001,637028
3838389983,,3NBzaH9WmdHwTGAW24Myf2M6f6JmdNeFzb,37.840248762,3.0745202119125,34.7657285500875,636134
3838389991,199900263,3NnhiMEB9U4WtX71rf5HZAHZRAtSrUT7yk,1.3755062279999999,0.111759881025,1.2637463469749999,636357
3838389645,,3GSFagudemWfotzwnk2YskofgB7W2Ne1ip,18.65614,1.5158113750000002,17.140328625000002,636177
3838389652,199900006,3K23QTcD7p7iLuBgcAiAJ9TXkwrH53z6yQ,354.20931501,28.7795068445625,325.4298081654375,636766
3838389652,199900006,3K23QTcD7p7iLuBgcAiAJ9TXkwrH53z6yQ,324.777827514,26.388198485512504,298.38962902848755,636464
3838389660,,33a76uaY6xCyeECJriTXfswzKwbnAxX4Gn,2.4252982000000003,0.19705547875000004,2.2282427212500004,636013
3838389678,199900263,3Dn7q1xVqU2wv17iK478AQpoUXRRuaHVqR,1.382419974,0.11232162288750001,1.2700983511125001,637181
3838389686,199900263,3Q21nzaGHRzHzWWMmCrJ7yQ5XtH2uzLDMS,1.382419974,0.11232162288750001,1.2700983511125001,637181
3838390221,199900145,3DVpz44ErZnPgY68ZiEVRxpvZqec7FAdgh,1.418525092,0.11525516372500001,1.303269928275,636176
3838390239,199900145,3Gy7artkDnsoWbEimFipApGkgC9qaL8d43,1.418525092,0.11525516372500001,1.303269928275,636176
3838390247,,34SSGPzehgkGZapAwhnQabY98o1hi1ijcm,11.444334728,0.92985219665,10.51448253135,636105
3838390254,199900193,3GzxrQVb6xs7HrhAASBbHLS6ZXFbKEWxAU,8.483276084000002,0.6892661818250002,7.794009902175001,637390
3838390262,199900193,3CgsCzgBB33nPwxB1ohBLw9Ktx5rnJZe9z,67.827469746,5.510981916862501,62.31648782913751,639426
3838390270,,3G5ubsYYbupzJuqjcjArnQAZYQhVCM9FhW,2.2795608240000003,0.18521431695000004,2.09434650705,636051
3838390296,199900276,36YM1guvWwbrKQSmH5rpRrBxYzZjbsbVtW,2.9602904500000005,0.24052359906250004,2.7197668509375004,636070
3838390304,,3PsQdH198iEdHDzpqeVtHaJyZX8VKPTgMW,4.763680736,0.38704905980000004,4.376631676200001,636287
3838390304,,3PsQdH198iEdHDzpqeVtHaJyZX8VKPTgMW,2.705030558,0.2197837328375,2.4852468251624997,636234
3838390379,,3CMrumJXHHtawxEB6CWXCjj2ZJWYzeewBH,151.75793186200002,12.330331963787502,139.42759989821252,636134
3838390387,,32gbrMwkJ6UvsnbCaNJgiFoJkT4QVYTV3j,64.476058808,5.238679778150001,59.237379029850004,636661
3838390387,,32gbrMwkJ6UvsnbCaNJgiFoJkT4QVYTV3j,11.974827556000001,0.9729547389250001,11.001872817075,636590
3838390387,,32gbrMwkJ6UvsnbCaNJgiFoJkT4QVYTV3j,12.570616874,1.0213626210125002,11.5492542529875,636509
3838390395,199900233,3G4Wd6L6G6uRQ6zkXfqDq7PguYFkaX4ags,0.481986864,0.039161432700000005,0.4428254313,636451
3838390429,199900184,3LMUiA2eu1TYFzCJvtn7zPxfWidrMPacYq,3.550373184,0.28846782120000003,3.2619053628000003,636297
3838390437,,3FtCGw5JbfFUjGz5eFJAt5aYDSgQQtexQn,23.709539616000004,1.9264000938000003,21.783139522200003,639284
3838390437,,3FtCGw5JbfFUjGz5eFJAt5aYDSgQQtexQn,10.193605154000002,0.8282304187625001,9.365374735237502,639269
3838390437,,3FtCGw5JbfFUjGz5eFJAt5aYDSgQQtexQn,57.38409180000001,4.6624574587500005,52.72163434125001,639235
3838390437,,3FtCGw5JbfFUjGz5eFJAt5aYDSgQQtexQn,47.609262118000004,3.8682525470875,43.7410095709125,639172
3838390437,,3FtCGw5JbfFUjGz5eFJAt5aYDSgQQtexQn,23.500042138,1.9093784237125002,21.5906637142875,636146
3662360548,,3KPXx3VTuJ4eUDD2rHLPSb8emh1PognCv5,201.779762108,12.359010429115,189.420751678885,637176
3662360084,,3HmyTFsQxiLuoMMfgqCWY5d14CoKT34xFT,11.03510681,0.6759002921125,10.3592065178875,636131
3686450903,,36KEFvi2epKu6FGDsY7anqAWzM4dz7aQWv,257.823245636,15.791673795205002,242.031571840795,637556
3686450457,,3DqvJgRQvCyesKwE6uhBR2bThXK1SE8EtL,305.267785012,18.697651831985,286.570133180015,638004
3686450457,,3DqvJgRQvCyesKwE6uhBR2bThXK1SE8EtL,291.61302692,17.861297898849998,273.75172902114997,637365
3686450457,,3DqvJgRQvCyesKwE6uhBR2bThXK1SE8EtL,335.660392944,20.55919906782,315.10119387618005,636464
3686450457,,3DqvJgRQvCyesKwE6uhBR2bThXK1SE8EtL,201.27889962,12.328332601725,188.950567018275,636290
3686450457,,3DqvJgRQvCyesKwE6uhBR2bThXK1SE8EtL,32.775545720000004,2.00750217535,30.768043544650006,636134
3686450457,,3DqvJgRQvCyesKwE6uhBR2bThXK1SE8EtL,156.02020140000002,9.556237335750001,146.46396406425,636005
3686450556,,3PaVKjAgLBi7CguVzKZcahoVY3AcFGXb4V,11.85542826,0.726144980925,11.129283279075,637996
3686455050,,3NTer94v9RqdLh341nTmHy85wtfZsjNW9N,414.02616746600006,25.359102757292504,388.6670647087076,638737
3686455050,,3NTer94v9RqdLh341nTmHy85wtfZsjNW9N,893.766722468,54.743211751165,839.0235107168351,637332
3686455043,,36fCcC8LbdT4UASwVLvE9rKsDRhBib2Heo,531.852202154,32.5759473819325,499.2762547720675,637362
3777685904,,3758PuKxRvS5vucCTQtoE5Qf2uWTy8tCr2,231.889345422,14.203222407097499,217.68612301490248,639596
3777685904,,3758PuKxRvS5vucCTQtoE5Qf2uWTy8tCr2,420.103130716,25.731316756355,394.371813959645,637601
3777685904,,3758PuKxRvS5vucCTQtoE5Qf2uWTy8tCr2,828.575255562,50.7502344031725,777.8250211588276,637442
3777685854,,3MpK8vQN1GRt3zpZLXAC3eHGaUEuubbt7T,54.168651200000006,3.317829886,50.85082131400001,639546
3777685854,,3MpK8vQN1GRt3zpZLXAC3eHGaUEuubbt7T,297.071594,18.1956351325,278.8759588675,638932
3777685854,,3MpK8vQN1GRt3zpZLXAC3eHGaUEuubbt7T,116.31554580000001,7.124327180250001,109.19121861975,638320
3777685854,,3MpK8vQN1GRt3zpZLXAC3eHGaUEuubbt7T,604.3821166,37.01840464175,567.3637119582501,637902
3777685854,,3MpK8vQN1GRt3zpZLXAC3eHGaUEuubbt7T,612.1957470000001,37.49698950375001,574.6987574962501,637882
3777685854,,3MpK8vQN1GRt3zpZLXAC3eHGaUEuubbt7T,120.606458,7.3871455525,113.2193124475,637560
3785093430,,389KTNm1ThT7QhLF4PxfXwjc7aNRayYEKR,12.748837882000002,0.7808663202725001,11.967971561727502,638053
3785091657,,37zAgLVUZusr5FeKzowSCezR2hPskMEZoY,29.970540200000002,1.83569558725,28.13484461275,640018
3788986283,,32CtM5nTPDFiYvjVJzyxyJgUJs8AfBXoGr,32.9226,2.01650925,30.906090750000004,637329
3795802572,199900058,38VJDyfBkQxZGrEwziRwQSwYQbtbd5JVc8,5.520132342000001,0.33810810594750007,5.182024236052501,640915
3795802614,,39RPcBXpnRBwBCe5bqnWCZDdfgBL7VCBpc,21.993394220000003,1.347095395975,20.646298824025003,640871
3795802614,,39RPcBXpnRBwBCe5bqnWCZDdfgBL7VCBpc,30.553818930000002,1.8714214094625001,28.682397520537503,639179
3795802614,,39RPcBXpnRBwBCe5bqnWCZDdfgBL7VCBpc,30.278256768000002,1.8545432270400002,28.42371354096,637781
3795802614,,39RPcBXpnRBwBCe5bqnWCZDdfgBL7VCBpc,38.4097,2.352594125,36.057105875,637004
3795802614,,39RPcBXpnRBwBCe5bqnWCZDdfgBL7VCBpc,30.154028824,1.84693426547,28.30709455853,636833
3795802309,,39EAs5LzDNi89p2FbzV5eJFk2ZcaDhyqEj,33.870880622,2.0745914380975,31.796289183902502,637798
3795802374,,3HqtPMLupm4KVYzbMFxrNMbotRx8RK2ihH,132.89646458,8.139908455525001,124.75655612447501,637675
3795802374,,3HqtPMLupm4KVYzbMFxrNMbotRx8RK2ihH,126.97039658,7.776936790525,119.193459789475,636735
3795802374,,3HqtPMLupm4KVYzbMFxrNMbotRx8RK2ihH,129.36332089,7.9235034045125,121.43981748548751,635809
3795803083,,3Hus9xTJYqeh2jM5HyiS9nj126KmgviYzF,772.982262944,47.34516360532,725.6370993386801,638487
3795803083,,3Hus9xTJYqeh2jM5HyiS9nj126KmgviYzF,751.6744269980001,46.040058653627504,705.6343683443725,637552
3795803083,,3Hus9xTJYqeh2jM5HyiS9nj126KmgviYzF,530.352467982,32.4840886638975,497.8683793181025,637248
3795803018,,3QsNLvpjFKC41qemZmbz2kX7hhRGLA4MA1,0.138604146,0.0084895039425,0.1301146420575,635933
3789757279,,3Dwa2rjvtb1XrSVMX2WPpNqYNzHmtgxMoV,113.56211902000001,6.955679789975001,106.60643923002502,640579
3789757279,,3Dwa2rjvtb1XrSVMX2WPpNqYNzHmtgxMoV,134.26714216000002,8.223862457300001,126.04327970270002,638135
3789757279,,3Dwa2rjvtb1XrSVMX2WPpNqYNzHmtgxMoV,3557.8076557900004,217.91571891713753,3339.891936872863,637282
3789758186,,3FqExaesFdtJ8HjXWqVUhJ82E4rrLndbgp,538.2954842,32.97059840725,505.32488579275,638026
3789756909,,33FhQ75qQJ4GDTGGJCqvB7uM2Ac8KtKcPg,61.45552,3.7641506,57.6913694,636669
3789756925,199900048,34xrFYykiKKa3FpADt6jV6YYJ9DXPVoxBo,0.21948400000000004,0.013443395000000002,0.20604060500000004,640525
3789756925,199900048,34xrFYykiKKa3FpADt6jV6YYJ9DXPVoxBo,0.47189060000000005,0.028903299250000004,0.44298730075000003,638386
3789757667,199900101,3DQcfQ7Vw1V78FNmTnFjEnEAVtGnbZcimz,658.620783196,40.340522970755,618.280260225245,638374
3789757667,199900101,3DQcfQ7Vw1V78FNmTnFjEnEAVtGnbZcimz,54.049690872,3.3105435659099998,50.73914730609,637744
3789757667,199900101,3DQcfQ7Vw1V78FNmTnFjEnEAVtGnbZcimz,14.860054478000002,0.9101783367775002,13.949876141222502,637547
3789757675,,3QV55PUGnQ49mstkBVATan29Bzb8raLSnB,1097.42,67.216975,1030.203025,638748
3789757675,,3QV55PUGnQ49mstkBVATan29Bzb8raLSnB,3.5245838140000005,0.21588075860750003,3.3087030553925003,636040
3789757675,,3QV55PUGnQ49mstkBVATan29Bzb8raLSnB,21.948400000000003,1.3443395000000002,20.604060500000003,636001
3789757246,199900006,3C8xd4dy7HMVVCgUhTP68F7Hh4y7ek6SQa,3292.26,201.650925,3090.6090750000003,638617
3789757246,199900006,3C8xd4dy7HMVVCgUhTP68F7Hh4y7ek6SQa,837.6400545040001,51.30545333837001,786.33460116563,638023
3789757246,199900006,3C8xd4dy7HMVVCgUhTP68F7Hh4y7ek6SQa,547.702897666,33.5468024820425,514.1560951839575,637391
3789757246,199900006,3C8xd4dy7HMVVCgUhTP68F7Hh4y7ek6SQa,407.731476088,24.97355291039,382.75792317761,637391
3789757386,,33rdPh6Bk8NGmp56wE567NK6paZqGXst2S,1207.162,73.9386725,1133.2233275,636420
3789757956,199900010,3NKfv2GCQBZsWQwJF1mcTRdL2h6xNjZ887,64.57548506,3.9552484599250004,60.620236600075,639388
3789757790,199900311,3FMKv3LjvicV17nrdFd81jwtMnVPXR93nn,4.38968,0.2688679,4.1208121,639575
3789757790,199900311,3FMKv3LjvicV17nrdFd81jwtMnVPXR93nn,5.487100000000001,0.33608487500000006,5.151015125000001,639539
3789757790,199900311,3FMKv3LjvicV17nrdFd81jwtMnVPXR93nn,49.3839,3.0247638749999997,46.359136125,639529
3789757790,199900311,3FMKv3LjvicV17nrdFd81jwtMnVPXR93nn,65.956697872,4.03984774466,61.916850127340005,639464
3789757790,199900311,3FMKv3LjvicV17nrdFd81jwtMnVPXR93nn,12.071620000000001,0.739386725,11.332233275000002,638367
3789757733,,36TqfHr3Zoq7j3dHZos6y9gQhXczkjgcnr,11.842368962000002,0.7253450989225001,11.117023863077502,639063
3789757220,,3M3Gmta9AdXnaHV8zkiwLusHXHwcJkqDvW,1207.162,73.9386725,1133.2233275,639621
3789757220,,3M3Gmta9AdXnaHV8zkiwLusHXHwcJkqDvW,658.452,40.330185,618.121815,638600
3789757220,,3M3Gmta9AdXnaHV8zkiwLusHXHwcJkqDvW,603.581,36.96933625,566.61166375,637496
3789757444,,3PesK75NyWvQM2AhzGTXyUSWokse23ai2t,1207.162,73.9386725,1133.2233275,639621
3789757444,,3PesK75NyWvQM2AhzGTXyUSWokse23ai2t,658.452,40.330185,618.121815,638599
3789757444,,3PesK75NyWvQM2AhzGTXyUSWokse23ai2t,603.581,36.96933625,566.61166375,637496
76,Templar,36vmAvXtmQiS5GAdEyxmZL5yXc41UKQspC,10.974200000000002,0.0,10.974200000000002,635730
367,Templar,38ygDgCKXJm8oAAjFGTz3nifpJ3GeW91WR,60.3581,0.0,60.3581,639366
367,Templar,38ygDgCKXJm8oAAjFGTz3nifpJ3GeW91WR,61.45552,0.0,61.45552,639354
704,Templar,3Kf4xT4Bd5EGJPVbUSLvdpHfFwRzW2VQJE,2.56302441,0.0,2.56302441,639810
710,Templar,3K246WqN8KHaXxbFfFQ92tNBALdfJqLi9z,3.3502037760000003,0.0,3.3502037760000003,638903
732,Templar,3BXH1SE3DTPhfC768v4MBEwzYmFDqbZVnF,55.693406548000006,0.0,55.693406548000006,640092
732,Templar,3BXH1SE3DTPhfC768v4MBEwzYmFDqbZVnF,25.307273394,0.0,25.307273394,637513
768,Templar,378oVGa7sfhZWwDcfuETz4DyVcMwJv1qGX,0.10974200000000002,0.0,0.10974200000000002,635933
779,Templar,3Ncc8Gs3HNtLS4DoPEn1XKRUj6ZXkYkcvQ,0.643527088,0.0,0.643527088,638587
947,Templar,31oyAMRXhwm9ao1RHZs6Bv9ZimCyUDG5gr,109.742,0.0,109.742,641136
1064,Templar,3C3fqStnjTC41yhhLavYsqE4PpBJfQ7Dts,3.2922599999999997,0.0,3.2922599999999997,638654
3838390452,,3AjqYBtb99ebqNd2A2qu8BeUsBxHSTzDnD,35.642116502,2.1830796357475,33.459036866252504,639144
3838390452,,3AjqYBtb99ebqNd2A2qu8BeUsBxHSTzDnD,23.69604135,1.4513825326875,22.2446588173125,639012
3838390452,,3AjqYBtb99ebqNd2A2qu8BeUsBxHSTzDnD,12.130661196,0.743002998255,11.387658197745,636242
3838390460,199900227,36ooYXLzAD3mpcGKNB7vPHhfRPUtDo3371,1.2839814,0.07864386075,1.20533753925,636391
3838390494,,3EtXiEZHWK7mpYiBDNBWNJrFwYoCavxtvr,7.68194,0.470518825,7.211421175,637300
3838390502,,3MREz5B8qA3bxSBzmUbMG7zHzX9R8yF7sa,7.68194,0.470518825,7.211421175,637298
3838390510,,3P7tvEdz8nCW5hBUUPUhG98fqL4dUTZuv3,7.68194,0.470518825,7.211421175,637299
3838390528,199900227,327QfTn88C5Vx9Dqtzq5JKspoMYuxu8GS2,1.3717750000000002,0.08402121875000002,1.2877537812500002,636833
3838390551,199900326,3DF5qYaLXHWhNyUiyCCgSkK6qVS1DgrB89,17.862595598000002,1.0940839803775002,16.7685116176225,639594
3838390551,199900326,3DF5qYaLXHWhNyUiyCCgSkK6qVS1DgrB89,81.664728784,5.0019646380200005,76.66276414598,639536
3838390551,199900326,3DF5qYaLXHWhNyUiyCCgSkK6qVS1DgrB89,32.432492228,1.986490148965,30.446002079035,639528
3838390569,199900145,3MzoYkFbneZopSix2wEQCSf5GEs3eMKEMP,1.4176471560000001,0.086830888305,1.3308162676950002,636302
3838390577,199900145,31qbSEmhx3M14UCfG6jVxzeE2LpsDpiaG6,1.4176471560000001,0.086830888305,1.3308162676950002,636261
3838390593,199900343,3CYwkUMtjQNtWmDbeSqconEV5pr8FNnSjE,1.29934528,0.0795848984,1.2197603816,636261
3838390619,,379ae5sgectd91yFFSACiyToPq56cFnhBv,29.926094690000003,1.8329732997625001,28.093121390237503,636481
3838390627,,3H5rsyTS69oFCRSZWiWzn49w8cFnpQEewa,11.912823326,0.7296604287175,11.1831628972825,638815
3838390627,,3H5rsyTS69oFCRSZWiWzn49w8cFnpQEewa,29.952213286,1.8345730637675,28.1176402222325,636480
3838390650,199900326,3BtnUt3ETLHLHD3GAYPAKAhPU8wHFxGDAX,131.84403880000002,8.075447376500001,123.76859142350003,639574
3838390650,199900326,3BtnUt3ETLHLHD3GAYPAKAhPU8wHFxGDAX,96.5071148,5.9110607815,90.5960540185,639223
3838390650,199900326,3BtnUt3ETLHLHD3GAYPAKAhPU8wHFxGDAX,161.04638500000001,9.86409108125,151.18229391875002,639207
3838390650,199900326,3BtnUt3ETLHLHD3GAYPAKAhPU8wHFxGDAX,122.32940740000002,7.492676203250001,114.83673119675002,639140
3838390650,199900326,3BtnUt3ETLHLHD3GAYPAKAhPU8wHFxGDAX,345.0398222,21.13368910975,323.90613309025,639102
3838390650,199900326,3BtnUt3ETLHLHD3GAYPAKAhPU8wHFxGDAX,57.66942100000001,3.5322520362500005,54.13716896375001,639090
3838390650,199900326,3BtnUt3ETLHLHD3GAYPAKAhPU8wHFxGDAX,6.430881200000001,0.39389147350000003,6.036989726500001,638954
3838390650,199900326,3BtnUt3ETLHLHD3GAYPAKAhPU8wHFxGDAX,44.522329400000004,2.72699267575,41.79533672425001,637118
3838390650,199900326,3BtnUt3ETLHLHD3GAYPAKAhPU8wHFxGDAX,82.966488388,5.081697413765,77.884790974235,636428
3838390668,199900145,35EP8NKasSmctK2CBMcPmraJz15muQoJsi,1.4176471560000001,0.086830888305,1.3308162676950002,636302
3838390676,,393ZYgLPq52QZi9fxb6U1YtosaCrq7ZLAS,3.585051656,0.21958441393,3.3654672420700003,639449
3838390676,,393ZYgLPq52QZi9fxb6U1YtosaCrq7ZLAS,1.532766514,0.09388194898249999,1.4388845650175,639106
3838390676,,393ZYgLPq52QZi9fxb6U1YtosaCrq7ZLAS,2.472158034,0.1514196795825,2.3207383544175,636448
3789757691,,3FkH8J4sVJUFKAWQXr5BWujdrCp13VvXcP,5.855394152000001,0.47575077485000006,5.379643377150001,640181
